1758816411176|0|statement|connection 35|url jdbc:postgresql://localhost:5432/petDongneTest|     set client_min_messages = WARNING|     set client_min_messages = WARNING
1758816411176|0|statement|connection 35|url jdbc:postgresql://localhost:5432/petDongneTest|     alter table if exists residence_review         drop constraint if exists FK3vpq8lllrghc6bbler7b8msy7|     alter table if exists residence_review         drop constraint if exists FK3vpq8lllrghc6bbler7b8msy7
1758816411176|0|statement|connection 35|url jdbc:postgresql://localhost:5432/petDongneTest|     alter table if exists residence_review         drop constraint if exists FKnp29l6n02pcy9jtsd6keongnc|     alter table if exists residence_review         drop constraint if exists FKnp29l6n02pcy9jtsd6keongnc
1758816411176|0|statement|connection 35|url jdbc:postgresql://localhost:5432/petDongneTest|     alter table if exists review_photo         drop constraint if exists FKri1bx3taykubbemi8w5fe4ynm|     alter table if exists review_photo         drop constraint if exists FKri1bx3taykubbemi8w5fe4ynm
1758816411176|0|statement|connection 35|url jdbc:postgresql://localhost:5432/petDongneTest|     alter table if exists review_stat         drop constraint if exists FKt14tf8u8187koa0xdawenxq12|     alter table if exists review_stat         drop constraint if exists FKt14tf8u8187koa0xdawenxq12
1758816411176|0|statement|connection 35|url jdbc:postgresql://localhost:5432/petDongneTest|     alter table if exists survey_option         drop constraint if exists FK2nr74sv7n4btggw4t6f5il2n|     alter table if exists survey_option         drop constraint if exists FK2nr74sv7n4btggw4t6f5il2n
1758816411181|0|statement|connection 35|url jdbc:postgresql://localhost:5432/petDongneTest|     alter table if exists survey_option_stat         drop constraint if exists FKbp119mi1f8piueruw3yv20bc7|     alter table if exists survey_option_stat         drop constraint if exists FKbp119mi1f8piueruw3yv20bc7
1758816411181|0|statement|connection 35|url jdbc:postgresql://localhost:5432/petDongneTest|     alter table if exists survey_option_stat         drop constraint if exists FKokofafbc2yaheb0hnmy24odgn|     alter table if exists survey_option_stat         drop constraint if exists FKokofafbc2yaheb0hnmy24odgn
1758816411181|0|statement|connection 35|url jdbc:postgresql://localhost:5432/petDongneTest|     alter table if exists survey_response         drop constraint if exists FK78mguq10rl4grwpg8u9x9ewu9|     alter table if exists survey_response         drop constraint if exists FK78mguq10rl4grwpg8u9x9ewu9
1758816411181|0|statement|connection 35|url jdbc:postgresql://localhost:5432/petDongneTest|     alter table if exists survey_response         drop constraint if exists FKd356gpwyaeum39xy35ck9qxr1|     alter table if exists survey_response         drop constraint if exists FKd356gpwyaeum39xy35ck9qxr1
1758816411181|0|statement|connection 35|url jdbc:postgresql://localhost:5432/petDongneTest|     alter table if exists users         drop constraint if exists FKgjuyyw52s3xe61nrl2l6q1j6y|     alter table if exists users         drop constraint if exists FKgjuyyw52s3xe61nrl2l6q1j6y
1758816411181|0|statement|connection 35|url jdbc:postgresql://localhost:5432/petDongneTest|     drop table if exists building cascade|     drop table if exists building cascade
1758816411181|0|statement|connection 35|url jdbc:postgresql://localhost:5432/petDongneTest|     drop table if exists legal_address cascade|     drop table if exists legal_address cascade
1758816411183|0|statement|connection 35|url jdbc:postgresql://localhost:5432/petDongneTest|     drop table if exists pet_facility cascade|     drop table if exists pet_facility cascade
1758816411183|0|statement|connection 35|url jdbc:postgresql://localhost:5432/petDongneTest|     drop table if exists profile_image cascade|     drop table if exists profile_image cascade
1758816411184|0|statement|connection 35|url jdbc:postgresql://localhost:5432/petDongneTest|     drop table if exists residence_review cascade|     drop table if exists residence_review cascade
1758816411184|0|statement|connection 35|url jdbc:postgresql://localhost:5432/petDongneTest|     drop table if exists review_photo cascade|     drop table if exists review_photo cascade
1758816411184|0|statement|connection 35|url jdbc:postgresql://localhost:5432/petDongneTest|     drop table if exists review_stat cascade|     drop table if exists review_stat cascade
1758816411186|0|statement|connection 35|url jdbc:postgresql://localhost:5432/petDongneTest|     drop table if exists survey_option cascade|     drop table if exists survey_option cascade
1758816411186|0|statement|connection 35|url jdbc:postgresql://localhost:5432/petDongneTest|     drop table if exists survey_option_stat cascade|     drop table if exists survey_option_stat cascade
1758816411190|3|statement|connection 35|url jdbc:postgresql://localhost:5432/petDongneTest|     drop table if exists survey_question cascade|     drop table if exists survey_question cascade
1758816411190|0|statement|connection 35|url jdbc:postgresql://localhost:5432/petDongneTest|     drop table if exists survey_response cascade|     drop table if exists survey_response cascade
1758816411192|0|statement|connection 35|url jdbc:postgresql://localhost:5432/petDongneTest|     drop table if exists users cascade|     drop table if exists users cascade
1758816411192|0|statement|connection 35|url jdbc:postgresql://localhost:5432/petDongneTest|     drop sequence if exists building_seq|     drop sequence if exists building_seq
1758816411192|0|statement|connection 35|url jdbc:postgresql://localhost:5432/petDongneTest|     drop sequence if exists legal_address_seq|     drop sequence if exists legal_address_seq
1758816411193|0|statement|connection 35|url jdbc:postgresql://localhost:5432/petDongneTest|     drop sequence if exists pet_facility_seq|     drop sequence if exists pet_facility_seq
1758816411193|0|statement|connection 35|url jdbc:postgresql://localhost:5432/petDongneTest|     drop sequence if exists profile_image_seq|     drop sequence if exists profile_image_seq
1758816411193|0|statement|connection 35|url jdbc:postgresql://localhost:5432/petDongneTest|     drop sequence if exists residence_review_seq|     drop sequence if exists residence_review_seq
1758816411193|0|statement|connection 35|url jdbc:postgresql://localhost:5432/petDongneTest|     drop sequence if exists review_photo_seq|     drop sequence if exists review_photo_seq
1758816411193|0|statement|connection 35|url jdbc:postgresql://localhost:5432/petDongneTest|     drop sequence if exists review_stat_seq|     drop sequence if exists review_stat_seq
1758816411193|0|statement|connection 35|url jdbc:postgresql://localhost:5432/petDongneTest|     drop sequence if exists survey_option_seq|     drop sequence if exists survey_option_seq
1758816411193|0|statement|connection 35|url jdbc:postgresql://localhost:5432/petDongneTest|     drop sequence if exists survey_option_stat_seq|     drop sequence if exists survey_option_stat_seq
1758816411193|0|statement|connection 35|url jdbc:postgresql://localhost:5432/petDongneTest|     drop sequence if exists survey_question_seq|     drop sequence if exists survey_question_seq
1758816411193|0|statement|connection 35|url jdbc:postgresql://localhost:5432/petDongneTest|     drop sequence if exists survey_response_seq|     drop sequence if exists survey_response_seq
1758816411193|0|statement|connection 35|url jdbc:postgresql://localhost:5432/petDongneTest|     drop sequence if exists users_seq|     drop sequence if exists users_seq
1758816576903|0|statement|connection 35|url jdbc:postgresql://localhost:5432/petDongneTest|     set client_min_messages = WARNING|     set client_min_messages = WARNING
1758816576904|0|statement|connection 35|url jdbc:postgresql://localhost:5432/petDongneTest|     alter table if exists residence_review         drop constraint if exists FK3vpq8lllrghc6bbler7b8msy7|     alter table if exists residence_review         drop constraint if exists FK3vpq8lllrghc6bbler7b8msy7
1758816576904|0|statement|connection 35|url jdbc:postgresql://localhost:5432/petDongneTest|     alter table if exists residence_review         drop constraint if exists FKnp29l6n02pcy9jtsd6keongnc|     alter table if exists residence_review         drop constraint if exists FKnp29l6n02pcy9jtsd6keongnc
1758816576904|0|statement|connection 35|url jdbc:postgresql://localhost:5432/petDongneTest|     alter table if exists review_photo         drop constraint if exists FKri1bx3taykubbemi8w5fe4ynm|     alter table if exists review_photo         drop constraint if exists FKri1bx3taykubbemi8w5fe4ynm
1758816576906|0|statement|connection 35|url jdbc:postgresql://localhost:5432/petDongneTest|     alter table if exists review_stat         drop constraint if exists FKt14tf8u8187koa0xdawenxq12|     alter table if exists review_stat         drop constraint if exists FKt14tf8u8187koa0xdawenxq12
1758816576907|0|statement|connection 35|url jdbc:postgresql://localhost:5432/petDongneTest|     alter table if exists survey_option         drop constraint if exists FK2nr74sv7n4btggw4t6f5il2n|     alter table if exists survey_option         drop constraint if exists FK2nr74sv7n4btggw4t6f5il2n
1758816576907|1|statement|connection 35|url jdbc:postgresql://localhost:5432/petDongneTest|     alter table if exists survey_option_stat         drop constraint if exists FKbp119mi1f8piueruw3yv20bc7|     alter table if exists survey_option_stat         drop constraint if exists FKbp119mi1f8piueruw3yv20bc7
1758816576909|1|statement|connection 35|url jdbc:postgresql://localhost:5432/petDongneTest|     alter table if exists survey_option_stat         drop constraint if exists FKokofafbc2yaheb0hnmy24odgn|     alter table if exists survey_option_stat         drop constraint if exists FKokofafbc2yaheb0hnmy24odgn
1758816576910|0|statement|connection 35|url jdbc:postgresql://localhost:5432/petDongneTest|     alter table if exists survey_response         drop constraint if exists FK78mguq10rl4grwpg8u9x9ewu9|     alter table if exists survey_response         drop constraint if exists FK78mguq10rl4grwpg8u9x9ewu9
1758816576911|0|statement|connection 35|url jdbc:postgresql://localhost:5432/petDongneTest|     alter table if exists survey_response         drop constraint if exists FKd356gpwyaeum39xy35ck9qxr1|     alter table if exists survey_response         drop constraint if exists FKd356gpwyaeum39xy35ck9qxr1
1758816576912|1|statement|connection 35|url jdbc:postgresql://localhost:5432/petDongneTest|     alter table if exists users         drop constraint if exists FKgjuyyw52s3xe61nrl2l6q1j6y|     alter table if exists users         drop constraint if exists FKgjuyyw52s3xe61nrl2l6q1j6y
1758816576912|0|statement|connection 35|url jdbc:postgresql://localhost:5432/petDongneTest|     drop table if exists building cascade|     drop table if exists building cascade
1758816576914|0|statement|connection 35|url jdbc:postgresql://localhost:5432/petDongneTest|     drop table if exists legal_address cascade|     drop table if exists legal_address cascade
1758816576914|0|statement|connection 35|url jdbc:postgresql://localhost:5432/petDongneTest|     drop table if exists pet_facility cascade|     drop table if exists pet_facility cascade
1758816576914|0|statement|connection 35|url jdbc:postgresql://localhost:5432/petDongneTest|     drop table if exists profile_image cascade|     drop table if exists profile_image cascade
1758816576915|0|statement|connection 35|url jdbc:postgresql://localhost:5432/petDongneTest|     drop table if exists residence_review cascade|     drop table if exists residence_review cascade
1758816576915|0|statement|connection 35|url jdbc:postgresql://localhost:5432/petDongneTest|     drop table if exists review_photo cascade|     drop table if exists review_photo cascade
1758816576915|0|statement|connection 35|url jdbc:postgresql://localhost:5432/petDongneTest|     drop table if exists review_stat cascade|     drop table if exists review_stat cascade
1758816576916|0|statement|connection 35|url jdbc:postgresql://localhost:5432/petDongneTest|     drop table if exists survey_option cascade|     drop table if exists survey_option cascade
1758816576916|0|statement|connection 35|url jdbc:postgresql://localhost:5432/petDongneTest|     drop table if exists survey_option_stat cascade|     drop table if exists survey_option_stat cascade
1758816576917|0|statement|connection 35|url jdbc:postgresql://localhost:5432/petDongneTest|     drop table if exists survey_question cascade|     drop table if exists survey_question cascade
1758816576917|0|statement|connection 35|url jdbc:postgresql://localhost:5432/petDongneTest|     drop table if exists survey_response cascade|     drop table if exists survey_response cascade
1758816576917|0|statement|connection 35|url jdbc:postgresql://localhost:5432/petDongneTest|     drop table if exists users cascade|     drop table if exists users cascade
1758816576917|0|statement|connection 35|url jdbc:postgresql://localhost:5432/petDongneTest|     drop sequence if exists building_seq|     drop sequence if exists building_seq
1758816576917|0|statement|connection 35|url jdbc:postgresql://localhost:5432/petDongneTest|     drop sequence if exists legal_address_seq|     drop sequence if exists legal_address_seq
1758816576917|0|statement|connection 35|url jdbc:postgresql://localhost:5432/petDongneTest|     drop sequence if exists pet_facility_seq|     drop sequence if exists pet_facility_seq
1758816576917|0|statement|connection 35|url jdbc:postgresql://localhost:5432/petDongneTest|     drop sequence if exists profile_image_seq|     drop sequence if exists profile_image_seq
1758816576917|0|statement|connection 35|url jdbc:postgresql://localhost:5432/petDongneTest|     drop sequence if exists residence_review_seq|     drop sequence if exists residence_review_seq
1758816576917|0|statement|connection 35|url jdbc:postgresql://localhost:5432/petDongneTest|     drop sequence if exists review_photo_seq|     drop sequence if exists review_photo_seq
1758816576917|0|statement|connection 35|url jdbc:postgresql://localhost:5432/petDongneTest|     drop sequence if exists review_stat_seq|     drop sequence if exists review_stat_seq
1758816576917|0|statement|connection 35|url jdbc:postgresql://localhost:5432/petDongneTest|     drop sequence if exists survey_option_seq|     drop sequence if exists survey_option_seq
1758816576917|0|statement|connection 35|url jdbc:postgresql://localhost:5432/petDongneTest|     drop sequence if exists survey_option_stat_seq|     drop sequence if exists survey_option_stat_seq
1758816576917|0|statement|connection 35|url jdbc:postgresql://localhost:5432/petDongneTest|     drop sequence if exists survey_question_seq|     drop sequence if exists survey_question_seq
1758816576917|0|statement|connection 35|url jdbc:postgresql://localhost:5432/petDongneTest|     drop sequence if exists survey_response_seq|     drop sequence if exists survey_response_seq
1758816576917|0|statement|connection 35|url jdbc:postgresql://localhost:5432/petDongneTest|     drop sequence if exists users_seq|     drop sequence if exists users_seq
1770874536757|0|statement|connection 30|url jdbc:postgresql://[::1]:32789/testdb?loggerLevel=OFF|     set client_min_messages = WARNING|     set client_min_messages = WARNING
1770874536761|1|statement|connection 30|url jdbc:postgresql://[::1]:32789/testdb?loggerLevel=OFF|     alter table if exists residence_review         drop constraint if exists FK3vpq8lllrghc6bbler7b8msy7|     alter table if exists residence_review         drop constraint if exists FK3vpq8lllrghc6bbler7b8msy7
1770874536762|0|statement|connection 30|url jdbc:postgresql://[::1]:32789/testdb?loggerLevel=OFF|     alter table if exists residence_review         drop constraint if exists FKnp29l6n02pcy9jtsd6keongnc|     alter table if exists residence_review         drop constraint if exists FKnp29l6n02pcy9jtsd6keongnc
1770874536764|0|statement|connection 30|url jdbc:postgresql://[::1]:32789/testdb?loggerLevel=OFF|     alter table if exists review_photo         drop constraint if exists FKri1bx3taykubbemi8w5fe4ynm|     alter table if exists review_photo         drop constraint if exists FKri1bx3taykubbemi8w5fe4ynm
1770874536765|0|statement|connection 30|url jdbc:postgresql://[::1]:32789/testdb?loggerLevel=OFF|     alter table if exists review_stat         drop constraint if exists FKt14tf8u8187koa0xdawenxq12|     alter table if exists review_stat         drop constraint if exists FKt14tf8u8187koa0xdawenxq12
1770874536766|0|statement|connection 30|url jdbc:postgresql://[::1]:32789/testdb?loggerLevel=OFF|     alter table if exists selected_option         drop constraint if exists FKoyt6vw34nt3h5mchduiwhwg88|     alter table if exists selected_option         drop constraint if exists FKoyt6vw34nt3h5mchduiwhwg88
1770874536767|0|statement|connection 30|url jdbc:postgresql://[::1]:32789/testdb?loggerLevel=OFF|     alter table if exists selected_option         drop constraint if exists FKd7y47qdfa0iubmvwvgb3fbbwt|     alter table if exists selected_option         drop constraint if exists FKd7y47qdfa0iubmvwvgb3fbbwt
1770874536769|1|statement|connection 30|url jdbc:postgresql://[::1]:32789/testdb?loggerLevel=OFF|     alter table if exists survey_option         drop constraint if exists FK2nr74sv7n4btggw4t6f5il2n|     alter table if exists survey_option         drop constraint if exists FK2nr74sv7n4btggw4t6f5il2n
1770874536770|0|statement|connection 30|url jdbc:postgresql://[::1]:32789/testdb?loggerLevel=OFF|     alter table if exists survey_option_stat         drop constraint if exists FKbp119mi1f8piueruw3yv20bc7|     alter table if exists survey_option_stat         drop constraint if exists FKbp119mi1f8piueruw3yv20bc7
1770874536772|0|statement|connection 30|url jdbc:postgresql://[::1]:32789/testdb?loggerLevel=OFF|     alter table if exists survey_option_stat         drop constraint if exists FKokofafbc2yaheb0hnmy24odgn|     alter table if exists survey_option_stat         drop constraint if exists FKokofafbc2yaheb0hnmy24odgn
1770874536773|0|statement|connection 30|url jdbc:postgresql://[::1]:32789/testdb?loggerLevel=OFF|     alter table if exists survey_option_stat         drop constraint if exists FK9gpl91il3631vwujq0ygd5ns2|     alter table if exists survey_option_stat         drop constraint if exists FK9gpl91il3631vwujq0ygd5ns2
1770874536774|0|statement|connection 30|url jdbc:postgresql://[::1]:32789/testdb?loggerLevel=OFF|     alter table if exists users         drop constraint if exists FKgjuyyw52s3xe61nrl2l6q1j6y|     alter table if exists users         drop constraint if exists FKgjuyyw52s3xe61nrl2l6q1j6y
1770874536776|1|statement|connection 30|url jdbc:postgresql://[::1]:32789/testdb?loggerLevel=OFF|     drop table if exists building cascade|     drop table if exists building cascade
1770874536778|1|statement|connection 30|url jdbc:postgresql://[::1]:32789/testdb?loggerLevel=OFF|     drop table if exists legal_address cascade|     drop table if exists legal_address cascade
1770874536779|1|statement|connection 30|url jdbc:postgresql://[::1]:32789/testdb?loggerLevel=OFF|     drop table if exists pet_facility cascade|     drop table if exists pet_facility cascade
1770874536782|1|statement|connection 30|url jdbc:postgresql://[::1]:32789/testdb?loggerLevel=OFF|     drop table if exists profile_image cascade|     drop table if exists profile_image cascade
1770874536784|1|statement|connection 30|url jdbc:postgresql://[::1]:32789/testdb?loggerLevel=OFF|     drop table if exists residence_review cascade|     drop table if exists residence_review cascade
1770874536785|1|statement|connection 30|url jdbc:postgresql://[::1]:32789/testdb?loggerLevel=OFF|     drop table if exists review_photo cascade|     drop table if exists review_photo cascade
1770874536786|0|statement|connection 30|url jdbc:postgresql://[::1]:32789/testdb?loggerLevel=OFF|     drop table if exists review_stat cascade|     drop table if exists review_stat cascade
1770874536787|0|statement|connection 30|url jdbc:postgresql://[::1]:32789/testdb?loggerLevel=OFF|     drop table if exists selected_option cascade|     drop table if exists selected_option cascade
1770874536789|0|statement|connection 30|url jdbc:postgresql://[::1]:32789/testdb?loggerLevel=OFF|     drop table if exists survey_option cascade|     drop table if exists survey_option cascade
1770874536790|0|statement|connection 30|url jdbc:postgresql://[::1]:32789/testdb?loggerLevel=OFF|     drop table if exists survey_option_stat cascade|     drop table if exists survey_option_stat cascade
1770874536791|0|statement|connection 30|url jdbc:postgresql://[::1]:32789/testdb?loggerLevel=OFF|     drop table if exists survey_question cascade|     drop table if exists survey_question cascade
1770874536793|0|statement|connection 30|url jdbc:postgresql://[::1]:32789/testdb?loggerLevel=OFF|     drop table if exists users cascade|     drop table if exists users cascade
1770874536794|0|statement|connection 30|url jdbc:postgresql://[::1]:32789/testdb?loggerLevel=OFF|     drop sequence if exists building_seq|     drop sequence if exists building_seq
1770874536795|0|statement|connection 30|url jdbc:postgresql://[::1]:32789/testdb?loggerLevel=OFF|     drop sequence if exists legal_address_seq|     drop sequence if exists legal_address_seq
1770874536796|1|statement|connection 30|url jdbc:postgresql://[::1]:32789/testdb?loggerLevel=OFF|     drop sequence if exists pet_facility_seq|     drop sequence if exists pet_facility_seq
1770874536797|0|statement|connection 30|url jdbc:postgresql://[::1]:32789/testdb?loggerLevel=OFF|     drop sequence if exists profile_image_seq|     drop sequence if exists profile_image_seq
1770874536800|0|statement|connection 30|url jdbc:postgresql://[::1]:32789/testdb?loggerLevel=OFF|     drop sequence if exists residence_review_seq|     drop sequence if exists residence_review_seq
1770874536801|1|statement|connection 30|url jdbc:postgresql://[::1]:32789/testdb?loggerLevel=OFF|     drop sequence if exists review_photo_seq|     drop sequence if exists review_photo_seq
1770874536802|1|statement|connection 30|url jdbc:postgresql://[::1]:32789/testdb?loggerLevel=OFF|     drop sequence if exists review_stat_seq|     drop sequence if exists review_stat_seq
1770874536804|1|statement|connection 30|url jdbc:postgresql://[::1]:32789/testdb?loggerLevel=OFF|     drop sequence if exists selected_option_seq|     drop sequence if exists selected_option_seq
1770874536805|1|statement|connection 30|url jdbc:postgresql://[::1]:32789/testdb?loggerLevel=OFF|     drop sequence if exists survey_option_seq|     drop sequence if exists survey_option_seq
1770874536807|1|statement|connection 30|url jdbc:postgresql://[::1]:32789/testdb?loggerLevel=OFF|     drop sequence if exists survey_option_stat_seq|     drop sequence if exists survey_option_stat_seq
1770874536808|0|statement|connection 30|url jdbc:postgresql://[::1]:32789/testdb?loggerLevel=OFF|     drop sequence if exists survey_question_seq|     drop sequence if exists survey_question_seq
1770874536809|1|statement|connection 30|url jdbc:postgresql://[::1]:32789/testdb?loggerLevel=OFF|     drop sequence if exists users_seq|     drop sequence if exists users_seq
1770874536854|0|statement|connection 31|url jdbc:postgresql://[::1]:32789/testdb?loggerLevel=OFF|     set client_min_messages = WARNING|     set client_min_messages = WARNING
1770874536856|1|statement|connection 31|url jdbc:postgresql://[::1]:32789/testdb?loggerLevel=OFF|     alter table if exists residence_review         drop constraint if exists FK3vpq8lllrghc6bbler7b8msy7|     alter table if exists residence_review         drop constraint if exists FK3vpq8lllrghc6bbler7b8msy7
1770874536858|0|statement|connection 31|url jdbc:postgresql://[::1]:32789/testdb?loggerLevel=OFF|     alter table if exists residence_review         drop constraint if exists FKnp29l6n02pcy9jtsd6keongnc|     alter table if exists residence_review         drop constraint if exists FKnp29l6n02pcy9jtsd6keongnc
1770874536860|1|statement|connection 31|url jdbc:postgresql://[::1]:32789/testdb?loggerLevel=OFF|     alter table if exists review_photo         drop constraint if exists FKri1bx3taykubbemi8w5fe4ynm|     alter table if exists review_photo         drop constraint if exists FKri1bx3taykubbemi8w5fe4ynm
1770874536862|1|statement|connection 31|url jdbc:postgresql://[::1]:32789/testdb?loggerLevel=OFF|     alter table if exists review_stat         drop constraint if exists FKt14tf8u8187koa0xdawenxq12|     alter table if exists review_stat         drop constraint if exists FKt14tf8u8187koa0xdawenxq12
1770874536863|0|statement|connection 31|url jdbc:postgresql://[::1]:32789/testdb?loggerLevel=OFF|     alter table if exists selected_option         drop constraint if exists FKoyt6vw34nt3h5mchduiwhwg88|     alter table if exists selected_option         drop constraint if exists FKoyt6vw34nt3h5mchduiwhwg88
1770874536864|0|statement|connection 31|url jdbc:postgresql://[::1]:32789/testdb?loggerLevel=OFF|     alter table if exists selected_option         drop constraint if exists FKd7y47qdfa0iubmvwvgb3fbbwt|     alter table if exists selected_option         drop constraint if exists FKd7y47qdfa0iubmvwvgb3fbbwt
1770874536865|0|statement|connection 31|url jdbc:postgresql://[::1]:32789/testdb?loggerLevel=OFF|     alter table if exists survey_option         drop constraint if exists FK2nr74sv7n4btggw4t6f5il2n|     alter table if exists survey_option         drop constraint if exists FK2nr74sv7n4btggw4t6f5il2n
1770874536866|1|statement|connection 31|url jdbc:postgresql://[::1]:32789/testdb?loggerLevel=OFF|     alter table if exists survey_option_stat         drop constraint if exists FKbp119mi1f8piueruw3yv20bc7|     alter table if exists survey_option_stat         drop constraint if exists FKbp119mi1f8piueruw3yv20bc7
1770874536867|0|statement|connection 31|url jdbc:postgresql://[::1]:32789/testdb?loggerLevel=OFF|     alter table if exists survey_option_stat         drop constraint if exists FKokofafbc2yaheb0hnmy24odgn|     alter table if exists survey_option_stat         drop constraint if exists FKokofafbc2yaheb0hnmy24odgn
1770874536868|0|statement|connection 31|url jdbc:postgresql://[::1]:32789/testdb?loggerLevel=OFF|     alter table if exists survey_option_stat         drop constraint if exists FK9gpl91il3631vwujq0ygd5ns2|     alter table if exists survey_option_stat         drop constraint if exists FK9gpl91il3631vwujq0ygd5ns2
1770874536870|0|statement|connection 31|url jdbc:postgresql://[::1]:32789/testdb?loggerLevel=OFF|     alter table if exists users         drop constraint if exists FKgjuyyw52s3xe61nrl2l6q1j6y|     alter table if exists users         drop constraint if exists FKgjuyyw52s3xe61nrl2l6q1j6y
1770874536871|0|statement|connection 31|url jdbc:postgresql://[::1]:32789/testdb?loggerLevel=OFF|     drop table if exists building cascade|     drop table if exists building cascade
1770874536872|0|statement|connection 31|url jdbc:postgresql://[::1]:32789/testdb?loggerLevel=OFF|     drop table if exists legal_address cascade|     drop table if exists legal_address cascade
1770874536873|0|statement|connection 31|url jdbc:postgresql://[::1]:32789/testdb?loggerLevel=OFF|     drop table if exists pet_facility cascade|     drop table if exists pet_facility cascade
1770874536874|1|statement|connection 31|url jdbc:postgresql://[::1]:32789/testdb?loggerLevel=OFF|     drop table if exists profile_image cascade|     drop table if exists profile_image cascade
1770874536876|1|statement|connection 31|url jdbc:postgresql://[::1]:32789/testdb?loggerLevel=OFF|     drop table if exists residence_review cascade|     drop table if exists residence_review cascade
1770874536878|1|statement|connection 31|url jdbc:postgresql://[::1]:32789/testdb?loggerLevel=OFF|     drop table if exists review_photo cascade|     drop table if exists review_photo cascade
1770874536880|0|statement|connection 31|url jdbc:postgresql://[::1]:32789/testdb?loggerLevel=OFF|     drop table if exists review_stat cascade|     drop table if exists review_stat cascade
1770874536881|0|statement|connection 31|url jdbc:postgresql://[::1]:32789/testdb?loggerLevel=OFF|     drop table if exists selected_option cascade|     drop table if exists selected_option cascade
1770874536882|0|statement|connection 31|url jdbc:postgresql://[::1]:32789/testdb?loggerLevel=OFF|     drop table if exists survey_option cascade|     drop table if exists survey_option cascade
1770874536884|2|statement|connection 31|url jdbc:postgresql://[::1]:32789/testdb?loggerLevel=OFF|     drop table if exists survey_option_stat cascade|     drop table if exists survey_option_stat cascade
1770874536887|2|statement|connection 31|url jdbc:postgresql://[::1]:32789/testdb?loggerLevel=OFF|     drop table if exists survey_question cascade|     drop table if exists survey_question cascade
1770874536890|1|statement|connection 31|url jdbc:postgresql://[::1]:32789/testdb?loggerLevel=OFF|     drop table if exists users cascade|     drop table if exists users cascade
1770874536891|1|statement|connection 31|url jdbc:postgresql://[::1]:32789/testdb?loggerLevel=OFF|     drop sequence if exists building_seq|     drop sequence if exists building_seq
1770874536893|1|statement|connection 31|url jdbc:postgresql://[::1]:32789/testdb?loggerLevel=OFF|     drop sequence if exists legal_address_seq|     drop sequence if exists legal_address_seq
1770874536894|1|statement|connection 31|url jdbc:postgresql://[::1]:32789/testdb?loggerLevel=OFF|     drop sequence if exists pet_facility_seq|     drop sequence if exists pet_facility_seq
1770874536895|0|statement|connection 31|url jdbc:postgresql://[::1]:32789/testdb?loggerLevel=OFF|     drop sequence if exists profile_image_seq|     drop sequence if exists profile_image_seq
1770874536896|1|statement|connection 31|url jdbc:postgresql://[::1]:32789/testdb?loggerLevel=OFF|     drop sequence if exists residence_review_seq|     drop sequence if exists residence_review_seq
1770874536898|1|statement|connection 31|url jdbc:postgresql://[::1]:32789/testdb?loggerLevel=OFF|     drop sequence if exists review_photo_seq|     drop sequence if exists review_photo_seq
1770874536899|0|statement|connection 31|url jdbc:postgresql://[::1]:32789/testdb?loggerLevel=OFF|     drop sequence if exists review_stat_seq|     drop sequence if exists review_stat_seq
1770874536901|1|statement|connection 31|url jdbc:postgresql://[::1]:32789/testdb?loggerLevel=OFF|     drop sequence if exists selected_option_seq|     drop sequence if exists selected_option_seq
1770874536902|0|statement|connection 31|url jdbc:postgresql://[::1]:32789/testdb?loggerLevel=OFF|     drop sequence if exists survey_option_seq|     drop sequence if exists survey_option_seq
1770874536905|1|statement|connection 31|url jdbc:postgresql://[::1]:32789/testdb?loggerLevel=OFF|     drop sequence if exists survey_option_stat_seq|     drop sequence if exists survey_option_stat_seq
1770874536906|1|statement|connection 31|url jdbc:postgresql://[::1]:32789/testdb?loggerLevel=OFF|     drop sequence if exists survey_question_seq|     drop sequence if exists survey_question_seq
1770874536908|0|statement|connection 31|url jdbc:postgresql://[::1]:32789/testdb?loggerLevel=OFF|     drop sequence if exists users_seq|     drop sequence if exists users_seq
1770874536943|2|statement|connection 32|url jdbc:postgresql://[::1]:32789/testdb?loggerLevel=OFF|     set client_min_messages = WARNING|     set client_min_messages = WARNING
1770874536945|1|statement|connection 32|url jdbc:postgresql://[::1]:32789/testdb?loggerLevel=OFF|     alter table if exists residence_review         drop constraint if exists FK3vpq8lllrghc6bbler7b8msy7|     alter table if exists residence_review         drop constraint if exists FK3vpq8lllrghc6bbler7b8msy7
1770874536946|0|statement|connection 32|url jdbc:postgresql://[::1]:32789/testdb?loggerLevel=OFF|     alter table if exists residence_review         drop constraint if exists FKnp29l6n02pcy9jtsd6keongnc|     alter table if exists residence_review         drop constraint if exists FKnp29l6n02pcy9jtsd6keongnc
1770874536948|1|statement|connection 32|url jdbc:postgresql://[::1]:32789/testdb?loggerLevel=OFF|     alter table if exists review_photo         drop constraint if exists FKri1bx3taykubbemi8w5fe4ynm|     alter table if exists review_photo         drop constraint if exists FKri1bx3taykubbemi8w5fe4ynm
1770874536953|4|statement|connection 32|url jdbc:postgresql://[::1]:32789/testdb?loggerLevel=OFF|     alter table if exists review_stat         drop constraint if exists FKt14tf8u8187koa0xdawenxq12|     alter table if exists review_stat         drop constraint if exists FKt14tf8u8187koa0xdawenxq12
1770874536955|1|statement|connection 32|url jdbc:postgresql://[::1]:32789/testdb?loggerLevel=OFF|     alter table if exists selected_option         drop constraint if exists FKoyt6vw34nt3h5mchduiwhwg88|     alter table if exists selected_option         drop constraint if exists FKoyt6vw34nt3h5mchduiwhwg88
1770874536957|1|statement|connection 32|url jdbc:postgresql://[::1]:32789/testdb?loggerLevel=OFF|     alter table if exists selected_option         drop constraint if exists FKd7y47qdfa0iubmvwvgb3fbbwt|     alter table if exists selected_option         drop constraint if exists FKd7y47qdfa0iubmvwvgb3fbbwt
1770874536958|1|statement|connection 32|url jdbc:postgresql://[::1]:32789/testdb?loggerLevel=OFF|     alter table if exists survey_option         drop constraint if exists FK2nr74sv7n4btggw4t6f5il2n|     alter table if exists survey_option         drop constraint if exists FK2nr74sv7n4btggw4t6f5il2n
1770874536959|0|statement|connection 32|url jdbc:postgresql://[::1]:32789/testdb?loggerLevel=OFF|     alter table if exists survey_option_stat         drop constraint if exists FKbp119mi1f8piueruw3yv20bc7|     alter table if exists survey_option_stat         drop constraint if exists FKbp119mi1f8piueruw3yv20bc7
1770874536960|0|statement|connection 32|url jdbc:postgresql://[::1]:32789/testdb?loggerLevel=OFF|     alter table if exists survey_option_stat         drop constraint if exists FKokofafbc2yaheb0hnmy24odgn|     alter table if exists survey_option_stat         drop constraint if exists FKokofafbc2yaheb0hnmy24odgn
1770874536961|0|statement|connection 32|url jdbc:postgresql://[::1]:32789/testdb?loggerLevel=OFF|     alter table if exists survey_option_stat         drop constraint if exists FK9gpl91il3631vwujq0ygd5ns2|     alter table if exists survey_option_stat         drop constraint if exists FK9gpl91il3631vwujq0ygd5ns2
1770874536962|0|statement|connection 32|url jdbc:postgresql://[::1]:32789/testdb?loggerLevel=OFF|     alter table if exists users         drop constraint if exists FKgjuyyw52s3xe61nrl2l6q1j6y|     alter table if exists users         drop constraint if exists FKgjuyyw52s3xe61nrl2l6q1j6y
1770874536965|1|statement|connection 32|url jdbc:postgresql://[::1]:32789/testdb?loggerLevel=OFF|     drop table if exists building cascade|     drop table if exists building cascade
1770874536966|0|statement|connection 32|url jdbc:postgresql://[::1]:32789/testdb?loggerLevel=OFF|     drop table if exists legal_address cascade|     drop table if exists legal_address cascade
1770874536967|1|statement|connection 32|url jdbc:postgresql://[::1]:32789/testdb?loggerLevel=OFF|     drop table if exists pet_facility cascade|     drop table if exists pet_facility cascade
1770874536970|1|statement|connection 32|url jdbc:postgresql://[::1]:32789/testdb?loggerLevel=OFF|     drop table if exists profile_image cascade|     drop table if exists profile_image cascade
1770874536971|0|statement|connection 32|url jdbc:postgresql://[::1]:32789/testdb?loggerLevel=OFF|     drop table if exists residence_review cascade|     drop table if exists residence_review cascade
1770874536972|0|statement|connection 32|url jdbc:postgresql://[::1]:32789/testdb?loggerLevel=OFF|     drop table if exists review_photo cascade|     drop table if exists review_photo cascade
1770874536974|1|statement|connection 32|url jdbc:postgresql://[::1]:32789/testdb?loggerLevel=OFF|     drop table if exists review_stat cascade|     drop table if exists review_stat cascade
1770874536976|1|statement|connection 32|url jdbc:postgresql://[::1]:32789/testdb?loggerLevel=OFF|     drop table if exists selected_option cascade|     drop table if exists selected_option cascade
1770874536976|1|statement|connection 32|url jdbc:postgresql://[::1]:32789/testdb?loggerLevel=OFF|     drop table if exists survey_option cascade|     drop table if exists survey_option cascade
1770874536978|0|statement|connection 32|url jdbc:postgresql://[::1]:32789/testdb?loggerLevel=OFF|     drop table if exists survey_option_stat cascade|     drop table if exists survey_option_stat cascade
1770874536979|0|statement|connection 32|url jdbc:postgresql://[::1]:32789/testdb?loggerLevel=OFF|     drop table if exists survey_question cascade|     drop table if exists survey_question cascade
1770874536980|0|statement|connection 32|url jdbc:postgresql://[::1]:32789/testdb?loggerLevel=OFF|     drop table if exists users cascade|     drop table if exists users cascade
1770874536984|3|statement|connection 32|url jdbc:postgresql://[::1]:32789/testdb?loggerLevel=OFF|     drop sequence if exists building_seq|     drop sequence if exists building_seq
1770874536986|1|statement|connection 32|url jdbc:postgresql://[::1]:32789/testdb?loggerLevel=OFF|     drop sequence if exists legal_address_seq|     drop sequence if exists legal_address_seq
1770874536988|0|statement|connection 32|url jdbc:postgresql://[::1]:32789/testdb?loggerLevel=OFF|     drop sequence if exists pet_facility_seq|     drop sequence if exists pet_facility_seq
1770874536989|0|statement|connection 32|url jdbc:postgresql://[::1]:32789/testdb?loggerLevel=OFF|     drop sequence if exists profile_image_seq|     drop sequence if exists profile_image_seq
1770874536991|0|statement|connection 32|url jdbc:postgresql://[::1]:32789/testdb?loggerLevel=OFF|     drop sequence if exists residence_review_seq|     drop sequence if exists residence_review_seq
1770874536992|0|statement|connection 32|url jdbc:postgresql://[::1]:32789/testdb?loggerLevel=OFF|     drop sequence if exists review_photo_seq|     drop sequence if exists review_photo_seq
1770874536993|0|statement|connection 32|url jdbc:postgresql://[::1]:32789/testdb?loggerLevel=OFF|     drop sequence if exists review_stat_seq|     drop sequence if exists review_stat_seq
1770874536994|0|statement|connection 32|url jdbc:postgresql://[::1]:32789/testdb?loggerLevel=OFF|     drop sequence if exists selected_option_seq|     drop sequence if exists selected_option_seq
1770874536995|0|statement|connection 32|url jdbc:postgresql://[::1]:32789/testdb?loggerLevel=OFF|     drop sequence if exists survey_option_seq|     drop sequence if exists survey_option_seq
1770874536996|1|statement|connection 32|url jdbc:postgresql://[::1]:32789/testdb?loggerLevel=OFF|     drop sequence if exists survey_option_stat_seq|     drop sequence if exists survey_option_stat_seq
1770874536997|0|statement|connection 32|url jdbc:postgresql://[::1]:32789/testdb?loggerLevel=OFF|     drop sequence if exists survey_question_seq|     drop sequence if exists survey_question_seq
1770874536999|1|statement|connection 32|url jdbc:postgresql://[::1]:32789/testdb?loggerLevel=OFF|     drop sequence if exists users_seq|     drop sequence if exists users_seq
1770874537032|0|statement|connection 33|url jdbc:h2:mem:test|     set client_min_messages = WARNING|     set client_min_messages = WARNING
1770874537034|1|statement|connection 33|url jdbc:h2:mem:test|     alter table if exists residence_review         drop constraint if exists FK3vpq8lllrghc6bbler7b8msy7|     alter table if exists residence_review         drop constraint if exists FK3vpq8lllrghc6bbler7b8msy7
1770874537036|1|statement|connection 33|url jdbc:h2:mem:test|     alter table if exists residence_review         drop constraint if exists FKnp29l6n02pcy9jtsd6keongnc|     alter table if exists residence_review         drop constraint if exists FKnp29l6n02pcy9jtsd6keongnc
1770874537038|1|statement|connection 33|url jdbc:h2:mem:test|     alter table if exists review_photo         drop constraint if exists FKri1bx3taykubbemi8w5fe4ynm|     alter table if exists review_photo         drop constraint if exists FKri1bx3taykubbemi8w5fe4ynm
1770874537040|0|statement|connection 33|url jdbc:h2:mem:test|     alter table if exists review_stat         drop constraint if exists FKt14tf8u8187koa0xdawenxq12|     alter table if exists review_stat         drop constraint if exists FKt14tf8u8187koa0xdawenxq12
1770874537041|1|statement|connection 33|url jdbc:h2:mem:test|     alter table if exists selected_option         drop constraint if exists FKoyt6vw34nt3h5mchduiwhwg88|     alter table if exists selected_option         drop constraint if exists FKoyt6vw34nt3h5mchduiwhwg88
1770874537044|2|statement|connection 33|url jdbc:h2:mem:test|     alter table if exists selected_option         drop constraint if exists FKd7y47qdfa0iubmvwvgb3fbbwt|     alter table if exists selected_option         drop constraint if exists FKd7y47qdfa0iubmvwvgb3fbbwt
1770874537045|0|statement|connection 33|url jdbc:h2:mem:test|     alter table if exists survey_option         drop constraint if exists FK2nr74sv7n4btggw4t6f5il2n|     alter table if exists survey_option         drop constraint if exists FK2nr74sv7n4btggw4t6f5il2n
1770874537046|0|statement|connection 33|url jdbc:h2:mem:test|     alter table if exists survey_option_stat         drop constraint if exists FKbp119mi1f8piueruw3yv20bc7|     alter table if exists survey_option_stat         drop constraint if exists FKbp119mi1f8piueruw3yv20bc7
1770874537048|1|statement|connection 33|url jdbc:h2:mem:test|     alter table if exists survey_option_stat         drop constraint if exists FKokofafbc2yaheb0hnmy24odgn|     alter table if exists survey_option_stat         drop constraint if exists FKokofafbc2yaheb0hnmy24odgn
1770874537049|0|statement|connection 33|url jdbc:h2:mem:test|     alter table if exists survey_option_stat         drop constraint if exists FK9gpl91il3631vwujq0ygd5ns2|     alter table if exists survey_option_stat         drop constraint if exists FK9gpl91il3631vwujq0ygd5ns2
1770874537050|1|statement|connection 33|url jdbc:h2:mem:test|     alter table if exists users         drop constraint if exists FKgjuyyw52s3xe61nrl2l6q1j6y|     alter table if exists users         drop constraint if exists FKgjuyyw52s3xe61nrl2l6q1j6y
1770874537054|3|statement|connection 33|url jdbc:h2:mem:test|     drop table if exists building cascade|     drop table if exists building cascade
1770874537056|1|statement|connection 33|url jdbc:h2:mem:test|     drop table if exists legal_address cascade|     drop table if exists legal_address cascade
1770874537057|0|statement|connection 33|url jdbc:h2:mem:test|     drop table if exists pet_facility cascade|     drop table if exists pet_facility cascade
1770874537058|0|statement|connection 33|url jdbc:h2:mem:test|     drop table if exists profile_image cascade|     drop table if exists profile_image cascade
1770874537061|1|statement|connection 33|url jdbc:h2:mem:test|     drop table if exists residence_review cascade|     drop table if exists residence_review cascade
1770874537064|1|statement|connection 33|url jdbc:h2:mem:test|     drop table if exists review_photo cascade|     drop table if exists review_photo cascade
1770874537066|1|statement|connection 33|url jdbc:h2:mem:test|     drop table if exists review_stat cascade|     drop table if exists review_stat cascade
1770874537068|1|statement|connection 33|url jdbc:h2:mem:test|     drop table if exists selected_option cascade|     drop table if exists selected_option cascade
1770874537069|1|statement|connection 33|url jdbc:h2:mem:test|     drop table if exists survey_option cascade|     drop table if exists survey_option cascade
1770874537070|1|statement|connection 33|url jdbc:h2:mem:test|     drop table if exists survey_option_stat cascade|     drop table if exists survey_option_stat cascade
1770874537072|1|statement|connection 33|url jdbc:h2:mem:test|     drop table if exists survey_question cascade|     drop table if exists survey_question cascade
1770874537073|1|statement|connection 33|url jdbc:h2:mem:test|     drop table if exists users cascade|     drop table if exists users cascade
1770874537075|0|statement|connection 33|url jdbc:h2:mem:test|     drop sequence if exists building_seq|     drop sequence if exists building_seq
1770874537075|0|statement|connection 33|url jdbc:h2:mem:test|     drop sequence if exists legal_address_seq|     drop sequence if exists legal_address_seq
1770874537076|0|statement|connection 33|url jdbc:h2:mem:test|     drop sequence if exists pet_facility_seq|     drop sequence if exists pet_facility_seq
1770874537076|0|statement|connection 33|url jdbc:h2:mem:test|     drop sequence if exists profile_image_seq|     drop sequence if exists profile_image_seq
1770874537077|0|statement|connection 33|url jdbc:h2:mem:test|     drop sequence if exists residence_review_seq|     drop sequence if exists residence_review_seq
1770874537077|0|statement|connection 33|url jdbc:h2:mem:test|     drop sequence if exists review_photo_seq|     drop sequence if exists review_photo_seq
1770874537077|0|statement|connection 33|url jdbc:h2:mem:test|     drop sequence if exists review_stat_seq|     drop sequence if exists review_stat_seq
1770874537078|0|statement|connection 33|url jdbc:h2:mem:test|     drop sequence if exists selected_option_seq|     drop sequence if exists selected_option_seq
1770874537078|0|statement|connection 33|url jdbc:h2:mem:test|     drop sequence if exists survey_option_seq|     drop sequence if exists survey_option_seq
1770874537079|0|statement|connection 33|url jdbc:h2:mem:test|     drop sequence if exists survey_option_stat_seq|     drop sequence if exists survey_option_stat_seq
1770874537080|1|statement|connection 33|url jdbc:h2:mem:test|     drop sequence if exists survey_question_seq|     drop sequence if exists survey_question_seq
1770874537082|1|statement|connection 33|url jdbc:h2:mem:test|     drop sequence if exists users_seq|     drop sequence if exists users_seq
1771325167240|0|statement|connection 7|url jdbc:postgresql://[::1]:32792/testdb?loggerLevel=OFF|     set client_min_messages = WARNING|     set client_min_messages = WARNING
1771325167243|0|statement|connection 7|url jdbc:postgresql://[::1]:32792/testdb?loggerLevel=OFF|     alter table if exists residence_review         drop constraint if exists FK3vpq8lllrghc6bbler7b8msy7|     alter table if exists residence_review         drop constraint if exists FK3vpq8lllrghc6bbler7b8msy7
1771325167244|0|statement|connection 7|url jdbc:postgresql://[::1]:32792/testdb?loggerLevel=OFF|     alter table if exists residence_review         drop constraint if exists FKnp29l6n02pcy9jtsd6keongnc|     alter table if exists residence_review         drop constraint if exists FKnp29l6n02pcy9jtsd6keongnc
1771325167245|0|statement|connection 7|url jdbc:postgresql://[::1]:32792/testdb?loggerLevel=OFF|     alter table if exists review_photo         drop constraint if exists FKri1bx3taykubbemi8w5fe4ynm|     alter table if exists review_photo         drop constraint if exists FKri1bx3taykubbemi8w5fe4ynm
1771325167246|0|statement|connection 7|url jdbc:postgresql://[::1]:32792/testdb?loggerLevel=OFF|     alter table if exists review_stat         drop constraint if exists FKt14tf8u8187koa0xdawenxq12|     alter table if exists review_stat         drop constraint if exists FKt14tf8u8187koa0xdawenxq12
1771325167247|0|statement|connection 7|url jdbc:postgresql://[::1]:32792/testdb?loggerLevel=OFF|     alter table if exists selected_option         drop constraint if exists FKoyt6vw34nt3h5mchduiwhwg88|     alter table if exists selected_option         drop constraint if exists FKoyt6vw34nt3h5mchduiwhwg88
1771325167249|0|statement|connection 7|url jdbc:postgresql://[::1]:32792/testdb?loggerLevel=OFF|     alter table if exists selected_option         drop constraint if exists FKd7y47qdfa0iubmvwvgb3fbbwt|     alter table if exists selected_option         drop constraint if exists FKd7y47qdfa0iubmvwvgb3fbbwt
1771325167250|1|statement|connection 7|url jdbc:postgresql://[::1]:32792/testdb?loggerLevel=OFF|     alter table if exists survey_option         drop constraint if exists FK2nr74sv7n4btggw4t6f5il2n|     alter table if exists survey_option         drop constraint if exists FK2nr74sv7n4btggw4t6f5il2n
1771325167251|1|statement|connection 7|url jdbc:postgresql://[::1]:32792/testdb?loggerLevel=OFF|     alter table if exists survey_option_stat         drop constraint if exists FKbp119mi1f8piueruw3yv20bc7|     alter table if exists survey_option_stat         drop constraint if exists FKbp119mi1f8piueruw3yv20bc7
1771325167253|0|statement|connection 7|url jdbc:postgresql://[::1]:32792/testdb?loggerLevel=OFF|     alter table if exists survey_option_stat         drop constraint if exists FKokofafbc2yaheb0hnmy24odgn|     alter table if exists survey_option_stat         drop constraint if exists FKokofafbc2yaheb0hnmy24odgn
1771325167253|0|statement|connection 7|url jdbc:postgresql://[::1]:32792/testdb?loggerLevel=OFF|     alter table if exists survey_option_stat         drop constraint if exists FK9gpl91il3631vwujq0ygd5ns2|     alter table if exists survey_option_stat         drop constraint if exists FK9gpl91il3631vwujq0ygd5ns2
1771325167256|0|statement|connection 7|url jdbc:postgresql://[::1]:32792/testdb?loggerLevel=OFF|     alter table if exists users         drop constraint if exists FKgjuyyw52s3xe61nrl2l6q1j6y|     alter table if exists users         drop constraint if exists FKgjuyyw52s3xe61nrl2l6q1j6y
1771325167257|0|statement|connection 7|url jdbc:postgresql://[::1]:32792/testdb?loggerLevel=OFF|     drop table if exists building cascade|     drop table if exists building cascade
1771325167258|1|statement|connection 7|url jdbc:postgresql://[::1]:32792/testdb?loggerLevel=OFF|     drop table if exists legal_address cascade|     drop table if exists legal_address cascade
1771325167259|0|statement|connection 7|url jdbc:postgresql://[::1]:32792/testdb?loggerLevel=OFF|     drop table if exists pet_facility cascade|     drop table if exists pet_facility cascade
1771325167260|0|statement|connection 7|url jdbc:postgresql://[::1]:32792/testdb?loggerLevel=OFF|     drop table if exists profile_image cascade|     drop table if exists profile_image cascade
1771325167261|0|statement|connection 7|url jdbc:postgresql://[::1]:32792/testdb?loggerLevel=OFF|     drop table if exists residence_review cascade|     drop table if exists residence_review cascade
1771325167262|0|statement|connection 7|url jdbc:postgresql://[::1]:32792/testdb?loggerLevel=OFF|     drop table if exists review_photo cascade|     drop table if exists review_photo cascade
1771325167263|0|statement|connection 7|url jdbc:postgresql://[::1]:32792/testdb?loggerLevel=OFF|     drop table if exists review_stat cascade|     drop table if exists review_stat cascade
1771325167264|0|statement|connection 7|url jdbc:postgresql://[::1]:32792/testdb?loggerLevel=OFF|     drop table if exists selected_option cascade|     drop table if exists selected_option cascade
1771325167264|0|statement|connection 7|url jdbc:postgresql://[::1]:32792/testdb?loggerLevel=OFF|     drop table if exists survey_option cascade|     drop table if exists survey_option cascade
1771325167265|0|statement|connection 7|url jdbc:postgresql://[::1]:32792/testdb?loggerLevel=OFF|     drop table if exists survey_option_stat cascade|     drop table if exists survey_option_stat cascade
1771325167266|0|statement|connection 7|url jdbc:postgresql://[::1]:32792/testdb?loggerLevel=OFF|     drop table if exists survey_question cascade|     drop table if exists survey_question cascade
1771325167267|0|statement|connection 7|url jdbc:postgresql://[::1]:32792/testdb?loggerLevel=OFF|     drop table if exists users cascade|     drop table if exists users cascade
1771325167268|0|statement|connection 7|url jdbc:postgresql://[::1]:32792/testdb?loggerLevel=OFF|     drop sequence if exists building_seq|     drop sequence if exists building_seq
1771325167268|0|statement|connection 7|url jdbc:postgresql://[::1]:32792/testdb?loggerLevel=OFF|     drop sequence if exists legal_address_seq|     drop sequence if exists legal_address_seq
1771325167269|0|statement|connection 7|url jdbc:postgresql://[::1]:32792/testdb?loggerLevel=OFF|     drop sequence if exists pet_facility_seq|     drop sequence if exists pet_facility_seq
1771325167270|0|statement|connection 7|url jdbc:postgresql://[::1]:32792/testdb?loggerLevel=OFF|     drop sequence if exists profile_image_seq|     drop sequence if exists profile_image_seq
1771325167271|0|statement|connection 7|url jdbc:postgresql://[::1]:32792/testdb?loggerLevel=OFF|     drop sequence if exists residence_review_seq|     drop sequence if exists residence_review_seq
1771325167272|0|statement|connection 7|url jdbc:postgresql://[::1]:32792/testdb?loggerLevel=OFF|     drop sequence if exists review_photo_seq|     drop sequence if exists review_photo_seq
1771325167274|0|statement|connection 7|url jdbc:postgresql://[::1]:32792/testdb?loggerLevel=OFF|     drop sequence if exists review_stat_seq|     drop sequence if exists review_stat_seq
1771325167274|0|statement|connection 7|url jdbc:postgresql://[::1]:32792/testdb?loggerLevel=OFF|     drop sequence if exists selected_option_seq|     drop sequence if exists selected_option_seq
1771325167275|0|statement|connection 7|url jdbc:postgresql://[::1]:32792/testdb?loggerLevel=OFF|     drop sequence if exists survey_option_seq|     drop sequence if exists survey_option_seq
1771325167276|0|statement|connection 7|url jdbc:postgresql://[::1]:32792/testdb?loggerLevel=OFF|     drop sequence if exists survey_option_stat_seq|     drop sequence if exists survey_option_stat_seq
1771325167277|0|statement|connection 7|url jdbc:postgresql://[::1]:32792/testdb?loggerLevel=OFF|     drop sequence if exists survey_question_seq|     drop sequence if exists survey_question_seq
1771325167278|0|statement|connection 7|url jdbc:postgresql://[::1]:32792/testdb?loggerLevel=OFF|     drop sequence if exists users_seq|     drop sequence if exists users_seq
1771325422263|0|statement|connection 7|url jdbc:postgresql://[::1]:32794/testdb?loggerLevel=OFF|     set client_min_messages = WARNING|     set client_min_messages = WARNING
1771325422266|1|statement|connection 7|url jdbc:postgresql://[::1]:32794/testdb?loggerLevel=OFF|     alter table if exists residence_review         drop constraint if exists FK3vpq8lllrghc6bbler7b8msy7|     alter table if exists residence_review         drop constraint if exists FK3vpq8lllrghc6bbler7b8msy7
1771325422267|0|statement|connection 7|url jdbc:postgresql://[::1]:32794/testdb?loggerLevel=OFF|     alter table if exists residence_review         drop constraint if exists FKnp29l6n02pcy9jtsd6keongnc|     alter table if exists residence_review         drop constraint if exists FKnp29l6n02pcy9jtsd6keongnc
1771325422268|1|statement|connection 7|url jdbc:postgresql://[::1]:32794/testdb?loggerLevel=OFF|     alter table if exists review_photo         drop constraint if exists FKri1bx3taykubbemi8w5fe4ynm|     alter table if exists review_photo         drop constraint if exists FKri1bx3taykubbemi8w5fe4ynm
1771325422270|1|statement|connection 7|url jdbc:postgresql://[::1]:32794/testdb?loggerLevel=OFF|     alter table if exists review_stat         drop constraint if exists FKt14tf8u8187koa0xdawenxq12|     alter table if exists review_stat         drop constraint if exists FKt14tf8u8187koa0xdawenxq12
1771325422271|1|statement|connection 7|url jdbc:postgresql://[::1]:32794/testdb?loggerLevel=OFF|     alter table if exists selected_option         drop constraint if exists FKoyt6vw34nt3h5mchduiwhwg88|     alter table if exists selected_option         drop constraint if exists FKoyt6vw34nt3h5mchduiwhwg88
1771325422273|1|statement|connection 7|url jdbc:postgresql://[::1]:32794/testdb?loggerLevel=OFF|     alter table if exists selected_option         drop constraint if exists FKd7y47qdfa0iubmvwvgb3fbbwt|     alter table if exists selected_option         drop constraint if exists FKd7y47qdfa0iubmvwvgb3fbbwt
1771325422274|1|statement|connection 7|url jdbc:postgresql://[::1]:32794/testdb?loggerLevel=OFF|     alter table if exists survey_option         drop constraint if exists FK2nr74sv7n4btggw4t6f5il2n|     alter table if exists survey_option         drop constraint if exists FK2nr74sv7n4btggw4t6f5il2n
1771325422275|0|statement|connection 7|url jdbc:postgresql://[::1]:32794/testdb?loggerLevel=OFF|     alter table if exists survey_option_stat         drop constraint if exists FKbp119mi1f8piueruw3yv20bc7|     alter table if exists survey_option_stat         drop constraint if exists FKbp119mi1f8piueruw3yv20bc7
1771325422276|0|statement|connection 7|url jdbc:postgresql://[::1]:32794/testdb?loggerLevel=OFF|     alter table if exists survey_option_stat         drop constraint if exists FKokofafbc2yaheb0hnmy24odgn|     alter table if exists survey_option_stat         drop constraint if exists FKokofafbc2yaheb0hnmy24odgn
1771325422277|0|statement|connection 7|url jdbc:postgresql://[::1]:32794/testdb?loggerLevel=OFF|     alter table if exists survey_option_stat         drop constraint if exists FK9gpl91il3631vwujq0ygd5ns2|     alter table if exists survey_option_stat         drop constraint if exists FK9gpl91il3631vwujq0ygd5ns2
1771325422278|0|statement|connection 7|url jdbc:postgresql://[::1]:32794/testdb?loggerLevel=OFF|     alter table if exists users         drop constraint if exists FKgjuyyw52s3xe61nrl2l6q1j6y|     alter table if exists users         drop constraint if exists FKgjuyyw52s3xe61nrl2l6q1j6y
1771325422279|0|statement|connection 7|url jdbc:postgresql://[::1]:32794/testdb?loggerLevel=OFF|     drop table if exists building cascade|     drop table if exists building cascade
1771325422280|0|statement|connection 7|url jdbc:postgresql://[::1]:32794/testdb?loggerLevel=OFF|     drop table if exists legal_address cascade|     drop table if exists legal_address cascade
1771325422281|0|statement|connection 7|url jdbc:postgresql://[::1]:32794/testdb?loggerLevel=OFF|     drop table if exists pet_facility cascade|     drop table if exists pet_facility cascade
1771325422282|0|statement|connection 7|url jdbc:postgresql://[::1]:32794/testdb?loggerLevel=OFF|     drop table if exists profile_image cascade|     drop table if exists profile_image cascade
1771325422283|0|statement|connection 7|url jdbc:postgresql://[::1]:32794/testdb?loggerLevel=OFF|     drop table if exists residence_review cascade|     drop table if exists residence_review cascade
1771325422284|0|statement|connection 7|url jdbc:postgresql://[::1]:32794/testdb?loggerLevel=OFF|     drop table if exists review_photo cascade|     drop table if exists review_photo cascade
1771325422285|0|statement|connection 7|url jdbc:postgresql://[::1]:32794/testdb?loggerLevel=OFF|     drop table if exists review_stat cascade|     drop table if exists review_stat cascade
1771325422286|1|statement|connection 7|url jdbc:postgresql://[::1]:32794/testdb?loggerLevel=OFF|     drop table if exists selected_option cascade|     drop table if exists selected_option cascade
1771325422287|0|statement|connection 7|url jdbc:postgresql://[::1]:32794/testdb?loggerLevel=OFF|     drop table if exists survey_option cascade|     drop table if exists survey_option cascade
1771325422288|0|statement|connection 7|url jdbc:postgresql://[::1]:32794/testdb?loggerLevel=OFF|     drop table if exists survey_option_stat cascade|     drop table if exists survey_option_stat cascade
1771325422289|0|statement|connection 7|url jdbc:postgresql://[::1]:32794/testdb?loggerLevel=OFF|     drop table if exists survey_question cascade|     drop table if exists survey_question cascade
1771325422290|0|statement|connection 7|url jdbc:postgresql://[::1]:32794/testdb?loggerLevel=OFF|     drop table if exists users cascade|     drop table if exists users cascade
1771325422291|0|statement|connection 7|url jdbc:postgresql://[::1]:32794/testdb?loggerLevel=OFF|     drop sequence if exists building_seq|     drop sequence if exists building_seq
1771325422292|0|statement|connection 7|url jdbc:postgresql://[::1]:32794/testdb?loggerLevel=OFF|     drop sequence if exists legal_address_seq|     drop sequence if exists legal_address_seq
1771325422293|0|statement|connection 7|url jdbc:postgresql://[::1]:32794/testdb?loggerLevel=OFF|     drop sequence if exists pet_facility_seq|     drop sequence if exists pet_facility_seq
1771325422294|0|statement|connection 7|url jdbc:postgresql://[::1]:32794/testdb?loggerLevel=OFF|     drop sequence if exists profile_image_seq|     drop sequence if exists profile_image_seq
1771325422295|1|statement|connection 7|url jdbc:postgresql://[::1]:32794/testdb?loggerLevel=OFF|     drop sequence if exists residence_review_seq|     drop sequence if exists residence_review_seq
1771325422297|1|statement|connection 7|url jdbc:postgresql://[::1]:32794/testdb?loggerLevel=OFF|     drop sequence if exists review_photo_seq|     drop sequence if exists review_photo_seq
1771325422298|1|statement|connection 7|url jdbc:postgresql://[::1]:32794/testdb?loggerLevel=OFF|     drop sequence if exists review_stat_seq|     drop sequence if exists review_stat_seq
1771325422299|1|statement|connection 7|url jdbc:postgresql://[::1]:32794/testdb?loggerLevel=OFF|     drop sequence if exists selected_option_seq|     drop sequence if exists selected_option_seq
1771325422301|0|statement|connection 7|url jdbc:postgresql://[::1]:32794/testdb?loggerLevel=OFF|     drop sequence if exists survey_option_seq|     drop sequence if exists survey_option_seq
1771325422302|0|statement|connection 7|url jdbc:postgresql://[::1]:32794/testdb?loggerLevel=OFF|     drop sequence if exists survey_option_stat_seq|     drop sequence if exists survey_option_stat_seq
1771325422303|0|statement|connection 7|url jdbc:postgresql://[::1]:32794/testdb?loggerLevel=OFF|     drop sequence if exists survey_question_seq|     drop sequence if exists survey_question_seq
1771325422304|0|statement|connection 7|url jdbc:postgresql://[::1]:32794/testdb?loggerLevel=OFF|     drop sequence if exists users_seq|     drop sequence if exists users_seq
1771326502978|0|statement|connection 72|url jdbc:postgresql://[::1]:32802/testdb?loggerLevel=OFF|     set client_min_messages = WARNING|     set client_min_messages = WARNING
1771326502981|1|statement|connection 72|url jdbc:postgresql://[::1]:32802/testdb?loggerLevel=OFF|     alter table if exists residence_review         drop constraint if exists FK3vpq8lllrghc6bbler7b8msy7|     alter table if exists residence_review         drop constraint if exists FK3vpq8lllrghc6bbler7b8msy7
1771326502981|0|statement|connection 72|url jdbc:postgresql://[::1]:32802/testdb?loggerLevel=OFF|     alter table if exists residence_review         drop constraint if exists FKnp29l6n02pcy9jtsd6keongnc|     alter table if exists residence_review         drop constraint if exists FKnp29l6n02pcy9jtsd6keongnc
1771326502982|0|statement|connection 72|url jdbc:postgresql://[::1]:32802/testdb?loggerLevel=OFF|     alter table if exists review_photo         drop constraint if exists FKri1bx3taykubbemi8w5fe4ynm|     alter table if exists review_photo         drop constraint if exists FKri1bx3taykubbemi8w5fe4ynm
1771326502983|0|statement|connection 72|url jdbc:postgresql://[::1]:32802/testdb?loggerLevel=OFF|     alter table if exists review_stat         drop constraint if exists FKt14tf8u8187koa0xdawenxq12|     alter table if exists review_stat         drop constraint if exists FKt14tf8u8187koa0xdawenxq12
1771326502984|0|statement|connection 72|url jdbc:postgresql://[::1]:32802/testdb?loggerLevel=OFF|     alter table if exists selected_option         drop constraint if exists FKoyt6vw34nt3h5mchduiwhwg88|     alter table if exists selected_option         drop constraint if exists FKoyt6vw34nt3h5mchduiwhwg88
1771326502985|0|statement|connection 72|url jdbc:postgresql://[::1]:32802/testdb?loggerLevel=OFF|     alter table if exists selected_option         drop constraint if exists FKd7y47qdfa0iubmvwvgb3fbbwt|     alter table if exists selected_option         drop constraint if exists FKd7y47qdfa0iubmvwvgb3fbbwt
1771326502987|0|statement|connection 72|url jdbc:postgresql://[::1]:32802/testdb?loggerLevel=OFF|     alter table if exists survey_option         drop constraint if exists FK2nr74sv7n4btggw4t6f5il2n|     alter table if exists survey_option         drop constraint if exists FK2nr74sv7n4btggw4t6f5il2n
1771326502988|0|statement|connection 72|url jdbc:postgresql://[::1]:32802/testdb?loggerLevel=OFF|     alter table if exists survey_option_stat         drop constraint if exists FKbp119mi1f8piueruw3yv20bc7|     alter table if exists survey_option_stat         drop constraint if exists FKbp119mi1f8piueruw3yv20bc7
1771326502989|0|statement|connection 72|url jdbc:postgresql://[::1]:32802/testdb?loggerLevel=OFF|     alter table if exists survey_option_stat         drop constraint if exists FKokofafbc2yaheb0hnmy24odgn|     alter table if exists survey_option_stat         drop constraint if exists FKokofafbc2yaheb0hnmy24odgn
1771326502989|0|statement|connection 72|url jdbc:postgresql://[::1]:32802/testdb?loggerLevel=OFF|     alter table if exists survey_option_stat         drop constraint if exists FK9gpl91il3631vwujq0ygd5ns2|     alter table if exists survey_option_stat         drop constraint if exists FK9gpl91il3631vwujq0ygd5ns2
1771326502990|0|statement|connection 72|url jdbc:postgresql://[::1]:32802/testdb?loggerLevel=OFF|     alter table if exists users         drop constraint if exists FKgjuyyw52s3xe61nrl2l6q1j6y|     alter table if exists users         drop constraint if exists FKgjuyyw52s3xe61nrl2l6q1j6y
1771326502991|0|statement|connection 72|url jdbc:postgresql://[::1]:32802/testdb?loggerLevel=OFF|     drop table if exists building cascade|     drop table if exists building cascade
1771326502993|0|statement|connection 72|url jdbc:postgresql://[::1]:32802/testdb?loggerLevel=OFF|     drop table if exists legal_address cascade|     drop table if exists legal_address cascade
1771326502993|0|statement|connection 72|url jdbc:postgresql://[::1]:32802/testdb?loggerLevel=OFF|     drop table if exists pet_facility cascade|     drop table if exists pet_facility cascade
1771326502994|0|statement|connection 72|url jdbc:postgresql://[::1]:32802/testdb?loggerLevel=OFF|     drop table if exists profile_image cascade|     drop table if exists profile_image cascade
1771326502995|0|statement|connection 72|url jdbc:postgresql://[::1]:32802/testdb?loggerLevel=OFF|     drop table if exists residence_review cascade|     drop table if exists residence_review cascade
1771326502995|0|statement|connection 72|url jdbc:postgresql://[::1]:32802/testdb?loggerLevel=OFF|     drop table if exists review_photo cascade|     drop table if exists review_photo cascade
1771326502996|0|statement|connection 72|url jdbc:postgresql://[::1]:32802/testdb?loggerLevel=OFF|     drop table if exists review_stat cascade|     drop table if exists review_stat cascade
1771326502996|0|statement|connection 72|url jdbc:postgresql://[::1]:32802/testdb?loggerLevel=OFF|     drop table if exists selected_option cascade|     drop table if exists selected_option cascade
1771326502998|0|statement|connection 72|url jdbc:postgresql://[::1]:32802/testdb?loggerLevel=OFF|     drop table if exists survey_option cascade|     drop table if exists survey_option cascade
1771326502999|0|statement|connection 72|url jdbc:postgresql://[::1]:32802/testdb?loggerLevel=OFF|     drop table if exists survey_option_stat cascade|     drop table if exists survey_option_stat cascade
1771326502999|0|statement|connection 72|url jdbc:postgresql://[::1]:32802/testdb?loggerLevel=OFF|     drop table if exists survey_question cascade|     drop table if exists survey_question cascade
1771326503000|0|statement|connection 72|url jdbc:postgresql://[::1]:32802/testdb?loggerLevel=OFF|     drop table if exists users cascade|     drop table if exists users cascade
1771326503001|0|statement|connection 72|url jdbc:postgresql://[::1]:32802/testdb?loggerLevel=OFF|     drop sequence if exists building_seq|     drop sequence if exists building_seq
1771326503001|0|statement|connection 72|url jdbc:postgresql://[::1]:32802/testdb?loggerLevel=OFF|     drop sequence if exists legal_address_seq|     drop sequence if exists legal_address_seq
1771326503002|0|statement|connection 72|url jdbc:postgresql://[::1]:32802/testdb?loggerLevel=OFF|     drop sequence if exists pet_facility_seq|     drop sequence if exists pet_facility_seq
1771326503002|0|statement|connection 72|url jdbc:postgresql://[::1]:32802/testdb?loggerLevel=OFF|     drop sequence if exists profile_image_seq|     drop sequence if exists profile_image_seq
1771326503004|0|statement|connection 72|url jdbc:postgresql://[::1]:32802/testdb?loggerLevel=OFF|     drop sequence if exists residence_review_seq|     drop sequence if exists residence_review_seq
1771326503005|0|statement|connection 72|url jdbc:postgresql://[::1]:32802/testdb?loggerLevel=OFF|     drop sequence if exists review_photo_seq|     drop sequence if exists review_photo_seq
1771326503007|0|statement|connection 72|url jdbc:postgresql://[::1]:32802/testdb?loggerLevel=OFF|     drop sequence if exists review_stat_seq|     drop sequence if exists review_stat_seq
1771326503008|0|statement|connection 72|url jdbc:postgresql://[::1]:32802/testdb?loggerLevel=OFF|     drop sequence if exists selected_option_seq|     drop sequence if exists selected_option_seq
1771326503008|0|statement|connection 72|url jdbc:postgresql://[::1]:32802/testdb?loggerLevel=OFF|     drop sequence if exists survey_option_seq|     drop sequence if exists survey_option_seq
1771326503009|0|statement|connection 72|url jdbc:postgresql://[::1]:32802/testdb?loggerLevel=OFF|     drop sequence if exists survey_option_stat_seq|     drop sequence if exists survey_option_stat_seq
1771326503010|0|statement|connection 72|url jdbc:postgresql://[::1]:32802/testdb?loggerLevel=OFF|     drop sequence if exists survey_question_seq|     drop sequence if exists survey_question_seq
1771326503011|0|statement|connection 72|url jdbc:postgresql://[::1]:32802/testdb?loggerLevel=OFF|     drop sequence if exists users_seq|     drop sequence if exists users_seq
1771326503142|0|statement|connection 73|url jdbc:h2:mem:test|     set client_min_messages = WARNING|     set client_min_messages = WARNING
1771326503145|1|statement|connection 73|url jdbc:h2:mem:test|     alter table if exists residence_review         drop constraint if exists FK3vpq8lllrghc6bbler7b8msy7|     alter table if exists residence_review         drop constraint if exists FK3vpq8lllrghc6bbler7b8msy7
1771326503146|0|statement|connection 73|url jdbc:h2:mem:test|     alter table if exists residence_review         drop constraint if exists FKnp29l6n02pcy9jtsd6keongnc|     alter table if exists residence_review         drop constraint if exists FKnp29l6n02pcy9jtsd6keongnc
1771326503146|0|statement|connection 73|url jdbc:h2:mem:test|     alter table if exists review_photo         drop constraint if exists FKri1bx3taykubbemi8w5fe4ynm|     alter table if exists review_photo         drop constraint if exists FKri1bx3taykubbemi8w5fe4ynm
1771326503147|0|statement|connection 73|url jdbc:h2:mem:test|     alter table if exists review_stat         drop constraint if exists FKt14tf8u8187koa0xdawenxq12|     alter table if exists review_stat         drop constraint if exists FKt14tf8u8187koa0xdawenxq12
1771326503147|0|statement|connection 73|url jdbc:h2:mem:test|     alter table if exists selected_option         drop constraint if exists FKoyt6vw34nt3h5mchduiwhwg88|     alter table if exists selected_option         drop constraint if exists FKoyt6vw34nt3h5mchduiwhwg88
1771326503148|0|statement|connection 73|url jdbc:h2:mem:test|     alter table if exists selected_option         drop constraint if exists FKd7y47qdfa0iubmvwvgb3fbbwt|     alter table if exists selected_option         drop constraint if exists FKd7y47qdfa0iubmvwvgb3fbbwt
1771326503148|0|statement|connection 73|url jdbc:h2:mem:test|     alter table if exists survey_option         drop constraint if exists FK2nr74sv7n4btggw4t6f5il2n|     alter table if exists survey_option         drop constraint if exists FK2nr74sv7n4btggw4t6f5il2n
1771326503149|0|statement|connection 73|url jdbc:h2:mem:test|     alter table if exists survey_option_stat         drop constraint if exists FKbp119mi1f8piueruw3yv20bc7|     alter table if exists survey_option_stat         drop constraint if exists FKbp119mi1f8piueruw3yv20bc7
1771326503150|0|statement|connection 73|url jdbc:h2:mem:test|     alter table if exists survey_option_stat         drop constraint if exists FKokofafbc2yaheb0hnmy24odgn|     alter table if exists survey_option_stat         drop constraint if exists FKokofafbc2yaheb0hnmy24odgn
1771326503150|0|statement|connection 73|url jdbc:h2:mem:test|     alter table if exists survey_option_stat         drop constraint if exists FK9gpl91il3631vwujq0ygd5ns2|     alter table if exists survey_option_stat         drop constraint if exists FK9gpl91il3631vwujq0ygd5ns2
1771326503150|0|statement|connection 73|url jdbc:h2:mem:test|     alter table if exists users         drop constraint if exists FKgjuyyw52s3xe61nrl2l6q1j6y|     alter table if exists users         drop constraint if exists FKgjuyyw52s3xe61nrl2l6q1j6y
1771326503154|2|statement|connection 73|url jdbc:h2:mem:test|     drop table if exists building cascade|     drop table if exists building cascade
1771326503154|0|statement|connection 73|url jdbc:h2:mem:test|     drop table if exists legal_address cascade|     drop table if exists legal_address cascade
1771326503155|1|statement|connection 73|url jdbc:h2:mem:test|     drop table if exists pet_facility cascade|     drop table if exists pet_facility cascade
1771326503157|0|statement|connection 73|url jdbc:h2:mem:test|     drop table if exists profile_image cascade|     drop table if exists profile_image cascade
1771326503157|0|statement|connection 73|url jdbc:h2:mem:test|     drop table if exists residence_review cascade|     drop table if exists residence_review cascade
1771326503158|0|statement|connection 73|url jdbc:h2:mem:test|     drop table if exists review_photo cascade|     drop table if exists review_photo cascade
1771326503159|0|statement|connection 73|url jdbc:h2:mem:test|     drop table if exists review_stat cascade|     drop table if exists review_stat cascade
1771326503161|0|statement|connection 73|url jdbc:h2:mem:test|     drop table if exists selected_option cascade|     drop table if exists selected_option cascade
1771326503162|0|statement|connection 73|url jdbc:h2:mem:test|     drop table if exists survey_option cascade|     drop table if exists survey_option cascade
1771326503162|0|statement|connection 73|url jdbc:h2:mem:test|     drop table if exists survey_option_stat cascade|     drop table if exists survey_option_stat cascade
1771326503163|0|statement|connection 73|url jdbc:h2:mem:test|     drop table if exists survey_question cascade|     drop table if exists survey_question cascade
1771326503164|0|statement|connection 73|url jdbc:h2:mem:test|     drop table if exists users cascade|     drop table if exists users cascade
1771326503164|0|statement|connection 73|url jdbc:h2:mem:test|     drop sequence if exists building_seq|     drop sequence if exists building_seq
1771326503164|0|statement|connection 73|url jdbc:h2:mem:test|     drop sequence if exists legal_address_seq|     drop sequence if exists legal_address_seq
1771326503165|0|statement|connection 73|url jdbc:h2:mem:test|     drop sequence if exists pet_facility_seq|     drop sequence if exists pet_facility_seq
1771326503166|0|statement|connection 73|url jdbc:h2:mem:test|     drop sequence if exists profile_image_seq|     drop sequence if exists profile_image_seq
1771326503166|0|statement|connection 73|url jdbc:h2:mem:test|     drop sequence if exists residence_review_seq|     drop sequence if exists residence_review_seq
1771326503166|0|statement|connection 73|url jdbc:h2:mem:test|     drop sequence if exists review_photo_seq|     drop sequence if exists review_photo_seq
1771326503167|0|statement|connection 73|url jdbc:h2:mem:test|     drop sequence if exists review_stat_seq|     drop sequence if exists review_stat_seq
1771326503167|0|statement|connection 73|url jdbc:h2:mem:test|     drop sequence if exists selected_option_seq|     drop sequence if exists selected_option_seq
1771326503167|0|statement|connection 73|url jdbc:h2:mem:test|     drop sequence if exists survey_option_seq|     drop sequence if exists survey_option_seq
1771326503168|0|statement|connection 73|url jdbc:h2:mem:test|     drop sequence if exists survey_option_stat_seq|     drop sequence if exists survey_option_stat_seq
1771326503168|0|statement|connection 73|url jdbc:h2:mem:test|     drop sequence if exists survey_question_seq|     drop sequence if exists survey_question_seq
1771326503169|0|statement|connection 73|url jdbc:h2:mem:test|     drop sequence if exists users_seq|     drop sequence if exists users_seq
1771326503291|0|statement|connection 74|url jdbc:postgresql://[::1]:32802/testdb?loggerLevel=OFF|     set client_min_messages = WARNING|     set client_min_messages = WARNING
1771326503293|1|statement|connection 74|url jdbc:postgresql://[::1]:32802/testdb?loggerLevel=OFF|     alter table if exists residence_review         drop constraint if exists FK3vpq8lllrghc6bbler7b8msy7|     alter table if exists residence_review         drop constraint if exists FK3vpq8lllrghc6bbler7b8msy7
1771326503294|0|statement|connection 74|url jdbc:postgresql://[::1]:32802/testdb?loggerLevel=OFF|     alter table if exists residence_review         drop constraint if exists FKnp29l6n02pcy9jtsd6keongnc|     alter table if exists residence_review         drop constraint if exists FKnp29l6n02pcy9jtsd6keongnc
1771326503295|0|statement|connection 74|url jdbc:postgresql://[::1]:32802/testdb?loggerLevel=OFF|     alter table if exists review_photo         drop constraint if exists FKri1bx3taykubbemi8w5fe4ynm|     alter table if exists review_photo         drop constraint if exists FKri1bx3taykubbemi8w5fe4ynm
1771326503295|0|statement|connection 74|url jdbc:postgresql://[::1]:32802/testdb?loggerLevel=OFF|     alter table if exists review_stat         drop constraint if exists FKt14tf8u8187koa0xdawenxq12|     alter table if exists review_stat         drop constraint if exists FKt14tf8u8187koa0xdawenxq12
1771326503296|0|statement|connection 74|url jdbc:postgresql://[::1]:32802/testdb?loggerLevel=OFF|     alter table if exists selected_option         drop constraint if exists FKoyt6vw34nt3h5mchduiwhwg88|     alter table if exists selected_option         drop constraint if exists FKoyt6vw34nt3h5mchduiwhwg88
1771326503296|0|statement|connection 74|url jdbc:postgresql://[::1]:32802/testdb?loggerLevel=OFF|     alter table if exists selected_option         drop constraint if exists FKd7y47qdfa0iubmvwvgb3fbbwt|     alter table if exists selected_option         drop constraint if exists FKd7y47qdfa0iubmvwvgb3fbbwt
1771326503297|0|statement|connection 74|url jdbc:postgresql://[::1]:32802/testdb?loggerLevel=OFF|     alter table if exists survey_option         drop constraint if exists FK2nr74sv7n4btggw4t6f5il2n|     alter table if exists survey_option         drop constraint if exists FK2nr74sv7n4btggw4t6f5il2n
1771326503297|0|statement|connection 74|url jdbc:postgresql://[::1]:32802/testdb?loggerLevel=OFF|     alter table if exists survey_option_stat         drop constraint if exists FKbp119mi1f8piueruw3yv20bc7|     alter table if exists survey_option_stat         drop constraint if exists FKbp119mi1f8piueruw3yv20bc7
1771326503298|0|statement|connection 74|url jdbc:postgresql://[::1]:32802/testdb?loggerLevel=OFF|     alter table if exists survey_option_stat         drop constraint if exists FKokofafbc2yaheb0hnmy24odgn|     alter table if exists survey_option_stat         drop constraint if exists FKokofafbc2yaheb0hnmy24odgn
1771326503298|0|statement|connection 74|url jdbc:postgresql://[::1]:32802/testdb?loggerLevel=OFF|     alter table if exists survey_option_stat         drop constraint if exists FK9gpl91il3631vwujq0ygd5ns2|     alter table if exists survey_option_stat         drop constraint if exists FK9gpl91il3631vwujq0ygd5ns2
1771326503299|0|statement|connection 74|url jdbc:postgresql://[::1]:32802/testdb?loggerLevel=OFF|     alter table if exists users         drop constraint if exists FKgjuyyw52s3xe61nrl2l6q1j6y|     alter table if exists users         drop constraint if exists FKgjuyyw52s3xe61nrl2l6q1j6y
1771326503299|0|statement|connection 74|url jdbc:postgresql://[::1]:32802/testdb?loggerLevel=OFF|     drop table if exists building cascade|     drop table if exists building cascade
1771326503300|0|statement|connection 74|url jdbc:postgresql://[::1]:32802/testdb?loggerLevel=OFF|     drop table if exists legal_address cascade|     drop table if exists legal_address cascade
1771326503301|0|statement|connection 74|url jdbc:postgresql://[::1]:32802/testdb?loggerLevel=OFF|     drop table if exists pet_facility cascade|     drop table if exists pet_facility cascade
1771326503301|0|statement|connection 74|url jdbc:postgresql://[::1]:32802/testdb?loggerLevel=OFF|     drop table if exists profile_image cascade|     drop table if exists profile_image cascade
1771326503302|0|statement|connection 74|url jdbc:postgresql://[::1]:32802/testdb?loggerLevel=OFF|     drop table if exists residence_review cascade|     drop table if exists residence_review cascade
1771326503302|0|statement|connection 74|url jdbc:postgresql://[::1]:32802/testdb?loggerLevel=OFF|     drop table if exists review_photo cascade|     drop table if exists review_photo cascade
1771326503303|0|statement|connection 74|url jdbc:postgresql://[::1]:32802/testdb?loggerLevel=OFF|     drop table if exists review_stat cascade|     drop table if exists review_stat cascade
1771326503303|0|statement|connection 74|url jdbc:postgresql://[::1]:32802/testdb?loggerLevel=OFF|     drop table if exists selected_option cascade|     drop table if exists selected_option cascade
1771326503303|0|statement|connection 74|url jdbc:postgresql://[::1]:32802/testdb?loggerLevel=OFF|     drop table if exists survey_option cascade|     drop table if exists survey_option cascade
1771326503304|0|statement|connection 74|url jdbc:postgresql://[::1]:32802/testdb?loggerLevel=OFF|     drop table if exists survey_option_stat cascade|     drop table if exists survey_option_stat cascade
1771326503305|0|statement|connection 74|url jdbc:postgresql://[::1]:32802/testdb?loggerLevel=OFF|     drop table if exists survey_question cascade|     drop table if exists survey_question cascade
1771326503306|0|statement|connection 74|url jdbc:postgresql://[::1]:32802/testdb?loggerLevel=OFF|     drop table if exists users cascade|     drop table if exists users cascade
1771326503307|0|statement|connection 74|url jdbc:postgresql://[::1]:32802/testdb?loggerLevel=OFF|     drop sequence if exists building_seq|     drop sequence if exists building_seq
1771326503307|0|statement|connection 74|url jdbc:postgresql://[::1]:32802/testdb?loggerLevel=OFF|     drop sequence if exists legal_address_seq|     drop sequence if exists legal_address_seq
1771326503308|0|statement|connection 74|url jdbc:postgresql://[::1]:32802/testdb?loggerLevel=OFF|     drop sequence if exists pet_facility_seq|     drop sequence if exists pet_facility_seq
1771326503309|0|statement|connection 74|url jdbc:postgresql://[::1]:32802/testdb?loggerLevel=OFF|     drop sequence if exists profile_image_seq|     drop sequence if exists profile_image_seq
1771326503310|0|statement|connection 74|url jdbc:postgresql://[::1]:32802/testdb?loggerLevel=OFF|     drop sequence if exists residence_review_seq|     drop sequence if exists residence_review_seq
1771326503310|0|statement|connection 74|url jdbc:postgresql://[::1]:32802/testdb?loggerLevel=OFF|     drop sequence if exists review_photo_seq|     drop sequence if exists review_photo_seq
1771326503311|0|statement|connection 74|url jdbc:postgresql://[::1]:32802/testdb?loggerLevel=OFF|     drop sequence if exists review_stat_seq|     drop sequence if exists review_stat_seq
1771326503311|0|statement|connection 74|url jdbc:postgresql://[::1]:32802/testdb?loggerLevel=OFF|     drop sequence if exists selected_option_seq|     drop sequence if exists selected_option_seq
1771326503312|0|statement|connection 74|url jdbc:postgresql://[::1]:32802/testdb?loggerLevel=OFF|     drop sequence if exists survey_option_seq|     drop sequence if exists survey_option_seq
1771326503312|0|statement|connection 74|url jdbc:postgresql://[::1]:32802/testdb?loggerLevel=OFF|     drop sequence if exists survey_option_stat_seq|     drop sequence if exists survey_option_stat_seq
1771326503313|0|statement|connection 74|url jdbc:postgresql://[::1]:32802/testdb?loggerLevel=OFF|     drop sequence if exists survey_question_seq|     drop sequence if exists survey_question_seq
1771326503313|0|statement|connection 74|url jdbc:postgresql://[::1]:32802/testdb?loggerLevel=OFF|     drop sequence if exists users_seq|     drop sequence if exists users_seq
1771326503443|0|statement|connection 75|url jdbc:postgresql://[::1]:32802/testdb?loggerLevel=OFF|     set client_min_messages = WARNING|     set client_min_messages = WARNING
1771326503445|1|statement|connection 75|url jdbc:postgresql://[::1]:32802/testdb?loggerLevel=OFF|     alter table if exists residence_review         drop constraint if exists FK3vpq8lllrghc6bbler7b8msy7|     alter table if exists residence_review         drop constraint if exists FK3vpq8lllrghc6bbler7b8msy7
1771326503446|0|statement|connection 75|url jdbc:postgresql://[::1]:32802/testdb?loggerLevel=OFF|     alter table if exists residence_review         drop constraint if exists FKnp29l6n02pcy9jtsd6keongnc|     alter table if exists residence_review         drop constraint if exists FKnp29l6n02pcy9jtsd6keongnc
1771326503446|0|statement|connection 75|url jdbc:postgresql://[::1]:32802/testdb?loggerLevel=OFF|     alter table if exists review_photo         drop constraint if exists FKri1bx3taykubbemi8w5fe4ynm|     alter table if exists review_photo         drop constraint if exists FKri1bx3taykubbemi8w5fe4ynm
1771326503447|0|statement|connection 75|url jdbc:postgresql://[::1]:32802/testdb?loggerLevel=OFF|     alter table if exists review_stat         drop constraint if exists FKt14tf8u8187koa0xdawenxq12|     alter table if exists review_stat         drop constraint if exists FKt14tf8u8187koa0xdawenxq12
1771326503448|0|statement|connection 75|url jdbc:postgresql://[::1]:32802/testdb?loggerLevel=OFF|     alter table if exists selected_option         drop constraint if exists FKoyt6vw34nt3h5mchduiwhwg88|     alter table if exists selected_option         drop constraint if exists FKoyt6vw34nt3h5mchduiwhwg88
1771326503448|0|statement|connection 75|url jdbc:postgresql://[::1]:32802/testdb?loggerLevel=OFF|     alter table if exists selected_option         drop constraint if exists FKd7y47qdfa0iubmvwvgb3fbbwt|     alter table if exists selected_option         drop constraint if exists FKd7y47qdfa0iubmvwvgb3fbbwt
1771326503449|0|statement|connection 75|url jdbc:postgresql://[::1]:32802/testdb?loggerLevel=OFF|     alter table if exists survey_option         drop constraint if exists FK2nr74sv7n4btggw4t6f5il2n|     alter table if exists survey_option         drop constraint if exists FK2nr74sv7n4btggw4t6f5il2n
1771326503450|0|statement|connection 75|url jdbc:postgresql://[::1]:32802/testdb?loggerLevel=OFF|     alter table if exists survey_option_stat         drop constraint if exists FKbp119mi1f8piueruw3yv20bc7|     alter table if exists survey_option_stat         drop constraint if exists FKbp119mi1f8piueruw3yv20bc7
1771326503450|0|statement|connection 75|url jdbc:postgresql://[::1]:32802/testdb?loggerLevel=OFF|     alter table if exists survey_option_stat         drop constraint if exists FKokofafbc2yaheb0hnmy24odgn|     alter table if exists survey_option_stat         drop constraint if exists FKokofafbc2yaheb0hnmy24odgn
1771326503450|0|statement|connection 75|url jdbc:postgresql://[::1]:32802/testdb?loggerLevel=OFF|     alter table if exists survey_option_stat         drop constraint if exists FK9gpl91il3631vwujq0ygd5ns2|     alter table if exists survey_option_stat         drop constraint if exists FK9gpl91il3631vwujq0ygd5ns2
1771326503451|0|statement|connection 75|url jdbc:postgresql://[::1]:32802/testdb?loggerLevel=OFF|     alter table if exists users         drop constraint if exists FKgjuyyw52s3xe61nrl2l6q1j6y|     alter table if exists users         drop constraint if exists FKgjuyyw52s3xe61nrl2l6q1j6y
1771326503452|0|statement|connection 75|url jdbc:postgresql://[::1]:32802/testdb?loggerLevel=OFF|     drop table if exists building cascade|     drop table if exists building cascade
1771326503452|0|statement|connection 75|url jdbc:postgresql://[::1]:32802/testdb?loggerLevel=OFF|     drop table if exists legal_address cascade|     drop table if exists legal_address cascade
1771326503453|0|statement|connection 75|url jdbc:postgresql://[::1]:32802/testdb?loggerLevel=OFF|     drop table if exists pet_facility cascade|     drop table if exists pet_facility cascade
1771326503453|0|statement|connection 75|url jdbc:postgresql://[::1]:32802/testdb?loggerLevel=OFF|     drop table if exists profile_image cascade|     drop table if exists profile_image cascade
1771326503454|0|statement|connection 75|url jdbc:postgresql://[::1]:32802/testdb?loggerLevel=OFF|     drop table if exists residence_review cascade|     drop table if exists residence_review cascade
1771326503454|0|statement|connection 75|url jdbc:postgresql://[::1]:32802/testdb?loggerLevel=OFF|     drop table if exists review_photo cascade|     drop table if exists review_photo cascade
1771326503455|0|statement|connection 75|url jdbc:postgresql://[::1]:32802/testdb?loggerLevel=OFF|     drop table if exists review_stat cascade|     drop table if exists review_stat cascade
1771326503456|0|statement|connection 75|url jdbc:postgresql://[::1]:32802/testdb?loggerLevel=OFF|     drop table if exists selected_option cascade|     drop table if exists selected_option cascade
1771326503457|0|statement|connection 75|url jdbc:postgresql://[::1]:32802/testdb?loggerLevel=OFF|     drop table if exists survey_option cascade|     drop table if exists survey_option cascade
1771326503457|0|statement|connection 75|url jdbc:postgresql://[::1]:32802/testdb?loggerLevel=OFF|     drop table if exists survey_option_stat cascade|     drop table if exists survey_option_stat cascade
1771326503458|0|statement|connection 75|url jdbc:postgresql://[::1]:32802/testdb?loggerLevel=OFF|     drop table if exists survey_question cascade|     drop table if exists survey_question cascade
1771326503458|0|statement|connection 75|url jdbc:postgresql://[::1]:32802/testdb?loggerLevel=OFF|     drop table if exists users cascade|     drop table if exists users cascade
1771326503459|0|statement|connection 75|url jdbc:postgresql://[::1]:32802/testdb?loggerLevel=OFF|     drop sequence if exists building_seq|     drop sequence if exists building_seq
1771326503460|0|statement|connection 75|url jdbc:postgresql://[::1]:32802/testdb?loggerLevel=OFF|     drop sequence if exists legal_address_seq|     drop sequence if exists legal_address_seq
1771326503461|0|statement|connection 75|url jdbc:postgresql://[::1]:32802/testdb?loggerLevel=OFF|     drop sequence if exists pet_facility_seq|     drop sequence if exists pet_facility_seq
1771326503461|0|statement|connection 75|url jdbc:postgresql://[::1]:32802/testdb?loggerLevel=OFF|     drop sequence if exists profile_image_seq|     drop sequence if exists profile_image_seq
1771326503462|0|statement|connection 75|url jdbc:postgresql://[::1]:32802/testdb?loggerLevel=OFF|     drop sequence if exists residence_review_seq|     drop sequence if exists residence_review_seq
1771326503463|0|statement|connection 75|url jdbc:postgresql://[::1]:32802/testdb?loggerLevel=OFF|     drop sequence if exists review_photo_seq|     drop sequence if exists review_photo_seq
1771326503463|0|statement|connection 75|url jdbc:postgresql://[::1]:32802/testdb?loggerLevel=OFF|     drop sequence if exists review_stat_seq|     drop sequence if exists review_stat_seq
1771326503464|0|statement|connection 75|url jdbc:postgresql://[::1]:32802/testdb?loggerLevel=OFF|     drop sequence if exists selected_option_seq|     drop sequence if exists selected_option_seq
1771326503464|0|statement|connection 75|url jdbc:postgresql://[::1]:32802/testdb?loggerLevel=OFF|     drop sequence if exists survey_option_seq|     drop sequence if exists survey_option_seq
1771326503465|0|statement|connection 75|url jdbc:postgresql://[::1]:32802/testdb?loggerLevel=OFF|     drop sequence if exists survey_option_stat_seq|     drop sequence if exists survey_option_stat_seq
1771326503465|0|statement|connection 75|url jdbc:postgresql://[::1]:32802/testdb?loggerLevel=OFF|     drop sequence if exists survey_question_seq|     drop sequence if exists survey_question_seq
1771326503466|0|statement|connection 75|url jdbc:postgresql://[::1]:32802/testdb?loggerLevel=OFF|     drop sequence if exists users_seq|     drop sequence if exists users_seq
1771326503596|0|statement|connection 76|url jdbc:postgresql://[::1]:32802/testdb?loggerLevel=OFF|     set client_min_messages = WARNING|     set client_min_messages = WARNING
1771326503598|1|statement|connection 76|url jdbc:postgresql://[::1]:32802/testdb?loggerLevel=OFF|     alter table if exists residence_review         drop constraint if exists FK3vpq8lllrghc6bbler7b8msy7|     alter table if exists residence_review         drop constraint if exists FK3vpq8lllrghc6bbler7b8msy7
1771326503599|0|statement|connection 76|url jdbc:postgresql://[::1]:32802/testdb?loggerLevel=OFF|     alter table if exists residence_review         drop constraint if exists FKnp29l6n02pcy9jtsd6keongnc|     alter table if exists residence_review         drop constraint if exists FKnp29l6n02pcy9jtsd6keongnc
1771326503599|0|statement|connection 76|url jdbc:postgresql://[::1]:32802/testdb?loggerLevel=OFF|     alter table if exists review_photo         drop constraint if exists FKri1bx3taykubbemi8w5fe4ynm|     alter table if exists review_photo         drop constraint if exists FKri1bx3taykubbemi8w5fe4ynm
1771326503600|0|statement|connection 76|url jdbc:postgresql://[::1]:32802/testdb?loggerLevel=OFF|     alter table if exists review_stat         drop constraint if exists FKt14tf8u8187koa0xdawenxq12|     alter table if exists review_stat         drop constraint if exists FKt14tf8u8187koa0xdawenxq12
1771326503601|0|statement|connection 76|url jdbc:postgresql://[::1]:32802/testdb?loggerLevel=OFF|     alter table if exists selected_option         drop constraint if exists FKoyt6vw34nt3h5mchduiwhwg88|     alter table if exists selected_option         drop constraint if exists FKoyt6vw34nt3h5mchduiwhwg88
1771326503602|0|statement|connection 76|url jdbc:postgresql://[::1]:32802/testdb?loggerLevel=OFF|     alter table if exists selected_option         drop constraint if exists FKd7y47qdfa0iubmvwvgb3fbbwt|     alter table if exists selected_option         drop constraint if exists FKd7y47qdfa0iubmvwvgb3fbbwt
1771326503602|0|statement|connection 76|url jdbc:postgresql://[::1]:32802/testdb?loggerLevel=OFF|     alter table if exists survey_option         drop constraint if exists FK2nr74sv7n4btggw4t6f5il2n|     alter table if exists survey_option         drop constraint if exists FK2nr74sv7n4btggw4t6f5il2n
1771326503603|0|statement|connection 76|url jdbc:postgresql://[::1]:32802/testdb?loggerLevel=OFF|     alter table if exists survey_option_stat         drop constraint if exists FKbp119mi1f8piueruw3yv20bc7|     alter table if exists survey_option_stat         drop constraint if exists FKbp119mi1f8piueruw3yv20bc7
1771326503604|0|statement|connection 76|url jdbc:postgresql://[::1]:32802/testdb?loggerLevel=OFF|     alter table if exists survey_option_stat         drop constraint if exists FKokofafbc2yaheb0hnmy24odgn|     alter table if exists survey_option_stat         drop constraint if exists FKokofafbc2yaheb0hnmy24odgn
1771326503604|0|statement|connection 76|url jdbc:postgresql://[::1]:32802/testdb?loggerLevel=OFF|     alter table if exists survey_option_stat         drop constraint if exists FK9gpl91il3631vwujq0ygd5ns2|     alter table if exists survey_option_stat         drop constraint if exists FK9gpl91il3631vwujq0ygd5ns2
1771326503605|0|statement|connection 76|url jdbc:postgresql://[::1]:32802/testdb?loggerLevel=OFF|     alter table if exists users         drop constraint if exists FKgjuyyw52s3xe61nrl2l6q1j6y|     alter table if exists users         drop constraint if exists FKgjuyyw52s3xe61nrl2l6q1j6y
1771326503606|0|statement|connection 76|url jdbc:postgresql://[::1]:32802/testdb?loggerLevel=OFF|     drop table if exists building cascade|     drop table if exists building cascade
1771326503607|0|statement|connection 76|url jdbc:postgresql://[::1]:32802/testdb?loggerLevel=OFF|     drop table if exists legal_address cascade|     drop table if exists legal_address cascade
1771326503607|0|statement|connection 76|url jdbc:postgresql://[::1]:32802/testdb?loggerLevel=OFF|     drop table if exists pet_facility cascade|     drop table if exists pet_facility cascade
1771326503608|0|statement|connection 76|url jdbc:postgresql://[::1]:32802/testdb?loggerLevel=OFF|     drop table if exists profile_image cascade|     drop table if exists profile_image cascade
1771326503608|0|statement|connection 76|url jdbc:postgresql://[::1]:32802/testdb?loggerLevel=OFF|     drop table if exists residence_review cascade|     drop table if exists residence_review cascade
1771326503609|0|statement|connection 76|url jdbc:postgresql://[::1]:32802/testdb?loggerLevel=OFF|     drop table if exists review_photo cascade|     drop table if exists review_photo cascade
1771326503609|0|statement|connection 76|url jdbc:postgresql://[::1]:32802/testdb?loggerLevel=OFF|     drop table if exists review_stat cascade|     drop table if exists review_stat cascade
1771326503610|0|statement|connection 76|url jdbc:postgresql://[::1]:32802/testdb?loggerLevel=OFF|     drop table if exists selected_option cascade|     drop table if exists selected_option cascade
1771326503610|0|statement|connection 76|url jdbc:postgresql://[::1]:32802/testdb?loggerLevel=OFF|     drop table if exists survey_option cascade|     drop table if exists survey_option cascade
1771326503611|0|statement|connection 76|url jdbc:postgresql://[::1]:32802/testdb?loggerLevel=OFF|     drop table if exists survey_option_stat cascade|     drop table if exists survey_option_stat cascade
1771326503611|0|statement|connection 76|url jdbc:postgresql://[::1]:32802/testdb?loggerLevel=OFF|     drop table if exists survey_question cascade|     drop table if exists survey_question cascade
1771326503611|0|statement|connection 76|url jdbc:postgresql://[::1]:32802/testdb?loggerLevel=OFF|     drop table if exists users cascade|     drop table if exists users cascade
1771326503612|0|statement|connection 76|url jdbc:postgresql://[::1]:32802/testdb?loggerLevel=OFF|     drop sequence if exists building_seq|     drop sequence if exists building_seq
1771326503613|0|statement|connection 76|url jdbc:postgresql://[::1]:32802/testdb?loggerLevel=OFF|     drop sequence if exists legal_address_seq|     drop sequence if exists legal_address_seq
1771326503613|0|statement|connection 76|url jdbc:postgresql://[::1]:32802/testdb?loggerLevel=OFF|     drop sequence if exists pet_facility_seq|     drop sequence if exists pet_facility_seq
1771326503614|0|statement|connection 76|url jdbc:postgresql://[::1]:32802/testdb?loggerLevel=OFF|     drop sequence if exists profile_image_seq|     drop sequence if exists profile_image_seq
1771326503614|0|statement|connection 76|url jdbc:postgresql://[::1]:32802/testdb?loggerLevel=OFF|     drop sequence if exists residence_review_seq|     drop sequence if exists residence_review_seq
1771326503615|0|statement|connection 76|url jdbc:postgresql://[::1]:32802/testdb?loggerLevel=OFF|     drop sequence if exists review_photo_seq|     drop sequence if exists review_photo_seq
1771326503615|0|statement|connection 76|url jdbc:postgresql://[::1]:32802/testdb?loggerLevel=OFF|     drop sequence if exists review_stat_seq|     drop sequence if exists review_stat_seq
1771326503616|0|statement|connection 76|url jdbc:postgresql://[::1]:32802/testdb?loggerLevel=OFF|     drop sequence if exists selected_option_seq|     drop sequence if exists selected_option_seq
1771326503616|0|statement|connection 76|url jdbc:postgresql://[::1]:32802/testdb?loggerLevel=OFF|     drop sequence if exists survey_option_seq|     drop sequence if exists survey_option_seq
1771326503617|0|statement|connection 76|url jdbc:postgresql://[::1]:32802/testdb?loggerLevel=OFF|     drop sequence if exists survey_option_stat_seq|     drop sequence if exists survey_option_stat_seq
1771326503617|0|statement|connection 76|url jdbc:postgresql://[::1]:32802/testdb?loggerLevel=OFF|     drop sequence if exists survey_question_seq|     drop sequence if exists survey_question_seq
1771326503618|0|statement|connection 76|url jdbc:postgresql://[::1]:32802/testdb?loggerLevel=OFF|     drop sequence if exists users_seq|     drop sequence if exists users_seq
1771326503741|0|statement|connection 77|url jdbc:postgresql://[::1]:32802/testdb?loggerLevel=OFF|     set client_min_messages = WARNING|     set client_min_messages = WARNING
1771326503744|1|statement|connection 77|url jdbc:postgresql://[::1]:32802/testdb?loggerLevel=OFF|     alter table if exists residence_review         drop constraint if exists FK3vpq8lllrghc6bbler7b8msy7|     alter table if exists residence_review         drop constraint if exists FK3vpq8lllrghc6bbler7b8msy7
1771326503744|0|statement|connection 77|url jdbc:postgresql://[::1]:32802/testdb?loggerLevel=OFF|     alter table if exists residence_review         drop constraint if exists FKnp29l6n02pcy9jtsd6keongnc|     alter table if exists residence_review         drop constraint if exists FKnp29l6n02pcy9jtsd6keongnc
1771326503745|0|statement|connection 77|url jdbc:postgresql://[::1]:32802/testdb?loggerLevel=OFF|     alter table if exists review_photo         drop constraint if exists FKri1bx3taykubbemi8w5fe4ynm|     alter table if exists review_photo         drop constraint if exists FKri1bx3taykubbemi8w5fe4ynm
1771326503745|0|statement|connection 77|url jdbc:postgresql://[::1]:32802/testdb?loggerLevel=OFF|     alter table if exists review_stat         drop constraint if exists FKt14tf8u8187koa0xdawenxq12|     alter table if exists review_stat         drop constraint if exists FKt14tf8u8187koa0xdawenxq12
1771326503746|0|statement|connection 77|url jdbc:postgresql://[::1]:32802/testdb?loggerLevel=OFF|     alter table if exists selected_option         drop constraint if exists FKoyt6vw34nt3h5mchduiwhwg88|     alter table if exists selected_option         drop constraint if exists FKoyt6vw34nt3h5mchduiwhwg88
1771326503747|0|statement|connection 77|url jdbc:postgresql://[::1]:32802/testdb?loggerLevel=OFF|     alter table if exists selected_option         drop constraint if exists FKd7y47qdfa0iubmvwvgb3fbbwt|     alter table if exists selected_option         drop constraint if exists FKd7y47qdfa0iubmvwvgb3fbbwt
1771326503747|0|statement|connection 77|url jdbc:postgresql://[::1]:32802/testdb?loggerLevel=OFF|     alter table if exists survey_option         drop constraint if exists FK2nr74sv7n4btggw4t6f5il2n|     alter table if exists survey_option         drop constraint if exists FK2nr74sv7n4btggw4t6f5il2n
1771326503748|0|statement|connection 77|url jdbc:postgresql://[::1]:32802/testdb?loggerLevel=OFF|     alter table if exists survey_option_stat         drop constraint if exists FKbp119mi1f8piueruw3yv20bc7|     alter table if exists survey_option_stat         drop constraint if exists FKbp119mi1f8piueruw3yv20bc7
1771326503748|0|statement|connection 77|url jdbc:postgresql://[::1]:32802/testdb?loggerLevel=OFF|     alter table if exists survey_option_stat         drop constraint if exists FKokofafbc2yaheb0hnmy24odgn|     alter table if exists survey_option_stat         drop constraint if exists FKokofafbc2yaheb0hnmy24odgn
1771326503749|0|statement|connection 77|url jdbc:postgresql://[::1]:32802/testdb?loggerLevel=OFF|     alter table if exists survey_option_stat         drop constraint if exists FK9gpl91il3631vwujq0ygd5ns2|     alter table if exists survey_option_stat         drop constraint if exists FK9gpl91il3631vwujq0ygd5ns2
1771326503749|0|statement|connection 77|url jdbc:postgresql://[::1]:32802/testdb?loggerLevel=OFF|     alter table if exists users         drop constraint if exists FKgjuyyw52s3xe61nrl2l6q1j6y|     alter table if exists users         drop constraint if exists FKgjuyyw52s3xe61nrl2l6q1j6y
1771326503750|0|statement|connection 77|url jdbc:postgresql://[::1]:32802/testdb?loggerLevel=OFF|     drop table if exists building cascade|     drop table if exists building cascade
1771326503751|0|statement|connection 77|url jdbc:postgresql://[::1]:32802/testdb?loggerLevel=OFF|     drop table if exists legal_address cascade|     drop table if exists legal_address cascade
1771326503751|0|statement|connection 77|url jdbc:postgresql://[::1]:32802/testdb?loggerLevel=OFF|     drop table if exists pet_facility cascade|     drop table if exists pet_facility cascade
1771326503752|0|statement|connection 77|url jdbc:postgresql://[::1]:32802/testdb?loggerLevel=OFF|     drop table if exists profile_image cascade|     drop table if exists profile_image cascade
1771326503752|0|statement|connection 77|url jdbc:postgresql://[::1]:32802/testdb?loggerLevel=OFF|     drop table if exists residence_review cascade|     drop table if exists residence_review cascade
1771326503753|0|statement|connection 77|url jdbc:postgresql://[::1]:32802/testdb?loggerLevel=OFF|     drop table if exists review_photo cascade|     drop table if exists review_photo cascade
1771326503753|0|statement|connection 77|url jdbc:postgresql://[::1]:32802/testdb?loggerLevel=OFF|     drop table if exists review_stat cascade|     drop table if exists review_stat cascade
1771326503754|0|statement|connection 77|url jdbc:postgresql://[::1]:32802/testdb?loggerLevel=OFF|     drop table if exists selected_option cascade|     drop table if exists selected_option cascade
1771326503754|0|statement|connection 77|url jdbc:postgresql://[::1]:32802/testdb?loggerLevel=OFF|     drop table if exists survey_option cascade|     drop table if exists survey_option cascade
1771326503755|0|statement|connection 77|url jdbc:postgresql://[::1]:32802/testdb?loggerLevel=OFF|     drop table if exists survey_option_stat cascade|     drop table if exists survey_option_stat cascade
1771326503755|0|statement|connection 77|url jdbc:postgresql://[::1]:32802/testdb?loggerLevel=OFF|     drop table if exists survey_question cascade|     drop table if exists survey_question cascade
1771326503756|0|statement|connection 77|url jdbc:postgresql://[::1]:32802/testdb?loggerLevel=OFF|     drop table if exists users cascade|     drop table if exists users cascade
1771326503756|0|statement|connection 77|url jdbc:postgresql://[::1]:32802/testdb?loggerLevel=OFF|     drop sequence if exists building_seq|     drop sequence if exists building_seq
1771326503757|0|statement|connection 77|url jdbc:postgresql://[::1]:32802/testdb?loggerLevel=OFF|     drop sequence if exists legal_address_seq|     drop sequence if exists legal_address_seq
1771326503757|0|statement|connection 77|url jdbc:postgresql://[::1]:32802/testdb?loggerLevel=OFF|     drop sequence if exists pet_facility_seq|     drop sequence if exists pet_facility_seq
1771326503758|0|statement|connection 77|url jdbc:postgresql://[::1]:32802/testdb?loggerLevel=OFF|     drop sequence if exists profile_image_seq|     drop sequence if exists profile_image_seq
1771326503759|0|statement|connection 77|url jdbc:postgresql://[::1]:32802/testdb?loggerLevel=OFF|     drop sequence if exists residence_review_seq|     drop sequence if exists residence_review_seq
1771326503759|0|statement|connection 77|url jdbc:postgresql://[::1]:32802/testdb?loggerLevel=OFF|     drop sequence if exists review_photo_seq|     drop sequence if exists review_photo_seq
1771326503760|0|statement|connection 77|url jdbc:postgresql://[::1]:32802/testdb?loggerLevel=OFF|     drop sequence if exists review_stat_seq|     drop sequence if exists review_stat_seq
1771326503760|0|statement|connection 77|url jdbc:postgresql://[::1]:32802/testdb?loggerLevel=OFF|     drop sequence if exists selected_option_seq|     drop sequence if exists selected_option_seq
1771326503761|0|statement|connection 77|url jdbc:postgresql://[::1]:32802/testdb?loggerLevel=OFF|     drop sequence if exists survey_option_seq|     drop sequence if exists survey_option_seq
1771326503762|0|statement|connection 77|url jdbc:postgresql://[::1]:32802/testdb?loggerLevel=OFF|     drop sequence if exists survey_option_stat_seq|     drop sequence if exists survey_option_stat_seq
1771326503762|0|statement|connection 77|url jdbc:postgresql://[::1]:32802/testdb?loggerLevel=OFF|     drop sequence if exists survey_question_seq|     drop sequence if exists survey_question_seq
1771326503763|0|statement|connection 77|url jdbc:postgresql://[::1]:32802/testdb?loggerLevel=OFF|     drop sequence if exists users_seq|     drop sequence if exists users_seq
1771326503894|0|statement|connection 78|url jdbc:postgresql://[::1]:32802/testdb?loggerLevel=OFF|     set client_min_messages = WARNING|     set client_min_messages = WARNING
1771326503895|0|statement|connection 78|url jdbc:postgresql://[::1]:32802/testdb?loggerLevel=OFF|     alter table if exists residence_review         drop constraint if exists FK3vpq8lllrghc6bbler7b8msy7|     alter table if exists residence_review         drop constraint if exists FK3vpq8lllrghc6bbler7b8msy7
1771326503896|0|statement|connection 78|url jdbc:postgresql://[::1]:32802/testdb?loggerLevel=OFF|     alter table if exists residence_review         drop constraint if exists FKnp29l6n02pcy9jtsd6keongnc|     alter table if exists residence_review         drop constraint if exists FKnp29l6n02pcy9jtsd6keongnc
1771326503897|0|statement|connection 78|url jdbc:postgresql://[::1]:32802/testdb?loggerLevel=OFF|     alter table if exists review_photo         drop constraint if exists FKri1bx3taykubbemi8w5fe4ynm|     alter table if exists review_photo         drop constraint if exists FKri1bx3taykubbemi8w5fe4ynm
1771326503898|0|statement|connection 78|url jdbc:postgresql://[::1]:32802/testdb?loggerLevel=OFF|     alter table if exists review_stat         drop constraint if exists FKt14tf8u8187koa0xdawenxq12|     alter table if exists review_stat         drop constraint if exists FKt14tf8u8187koa0xdawenxq12
1771326503898|0|statement|connection 78|url jdbc:postgresql://[::1]:32802/testdb?loggerLevel=OFF|     alter table if exists selected_option         drop constraint if exists FKoyt6vw34nt3h5mchduiwhwg88|     alter table if exists selected_option         drop constraint if exists FKoyt6vw34nt3h5mchduiwhwg88
1771326503899|0|statement|connection 78|url jdbc:postgresql://[::1]:32802/testdb?loggerLevel=OFF|     alter table if exists selected_option         drop constraint if exists FKd7y47qdfa0iubmvwvgb3fbbwt|     alter table if exists selected_option         drop constraint if exists FKd7y47qdfa0iubmvwvgb3fbbwt
1771326503899|0|statement|connection 78|url jdbc:postgresql://[::1]:32802/testdb?loggerLevel=OFF|     alter table if exists survey_option         drop constraint if exists FK2nr74sv7n4btggw4t6f5il2n|     alter table if exists survey_option         drop constraint if exists FK2nr74sv7n4btggw4t6f5il2n
1771326503900|0|statement|connection 78|url jdbc:postgresql://[::1]:32802/testdb?loggerLevel=OFF|     alter table if exists survey_option_stat         drop constraint if exists FKbp119mi1f8piueruw3yv20bc7|     alter table if exists survey_option_stat         drop constraint if exists FKbp119mi1f8piueruw3yv20bc7
1771326503900|0|statement|connection 78|url jdbc:postgresql://[::1]:32802/testdb?loggerLevel=OFF|     alter table if exists survey_option_stat         drop constraint if exists FKokofafbc2yaheb0hnmy24odgn|     alter table if exists survey_option_stat         drop constraint if exists FKokofafbc2yaheb0hnmy24odgn
1771326503901|0|statement|connection 78|url jdbc:postgresql://[::1]:32802/testdb?loggerLevel=OFF|     alter table if exists survey_option_stat         drop constraint if exists FK9gpl91il3631vwujq0ygd5ns2|     alter table if exists survey_option_stat         drop constraint if exists FK9gpl91il3631vwujq0ygd5ns2
1771326503902|0|statement|connection 78|url jdbc:postgresql://[::1]:32802/testdb?loggerLevel=OFF|     alter table if exists users         drop constraint if exists FKgjuyyw52s3xe61nrl2l6q1j6y|     alter table if exists users         drop constraint if exists FKgjuyyw52s3xe61nrl2l6q1j6y
1771326503903|0|statement|connection 78|url jdbc:postgresql://[::1]:32802/testdb?loggerLevel=OFF|     drop table if exists building cascade|     drop table if exists building cascade
1771326503903|0|statement|connection 78|url jdbc:postgresql://[::1]:32802/testdb?loggerLevel=OFF|     drop table if exists legal_address cascade|     drop table if exists legal_address cascade
1771326503904|0|statement|connection 78|url jdbc:postgresql://[::1]:32802/testdb?loggerLevel=OFF|     drop table if exists pet_facility cascade|     drop table if exists pet_facility cascade
1771326503905|0|statement|connection 78|url jdbc:postgresql://[::1]:32802/testdb?loggerLevel=OFF|     drop table if exists profile_image cascade|     drop table if exists profile_image cascade
1771326503906|0|statement|connection 78|url jdbc:postgresql://[::1]:32802/testdb?loggerLevel=OFF|     drop table if exists residence_review cascade|     drop table if exists residence_review cascade
1771326503906|0|statement|connection 78|url jdbc:postgresql://[::1]:32802/testdb?loggerLevel=OFF|     drop table if exists review_photo cascade|     drop table if exists review_photo cascade
1771326503907|0|statement|connection 78|url jdbc:postgresql://[::1]:32802/testdb?loggerLevel=OFF|     drop table if exists review_stat cascade|     drop table if exists review_stat cascade
1771326503907|0|statement|connection 78|url jdbc:postgresql://[::1]:32802/testdb?loggerLevel=OFF|     drop table if exists selected_option cascade|     drop table if exists selected_option cascade
1771326503908|0|statement|connection 78|url jdbc:postgresql://[::1]:32802/testdb?loggerLevel=OFF|     drop table if exists survey_option cascade|     drop table if exists survey_option cascade
1771326503909|0|statement|connection 78|url jdbc:postgresql://[::1]:32802/testdb?loggerLevel=OFF|     drop table if exists survey_option_stat cascade|     drop table if exists survey_option_stat cascade
1771326503909|0|statement|connection 78|url jdbc:postgresql://[::1]:32802/testdb?loggerLevel=OFF|     drop table if exists survey_question cascade|     drop table if exists survey_question cascade
1771326503910|0|statement|connection 78|url jdbc:postgresql://[::1]:32802/testdb?loggerLevel=OFF|     drop table if exists users cascade|     drop table if exists users cascade
1771326503911|0|statement|connection 78|url jdbc:postgresql://[::1]:32802/testdb?loggerLevel=OFF|     drop sequence if exists building_seq|     drop sequence if exists building_seq
1771326503912|0|statement|connection 78|url jdbc:postgresql://[::1]:32802/testdb?loggerLevel=OFF|     drop sequence if exists legal_address_seq|     drop sequence if exists legal_address_seq
1771326503912|0|statement|connection 78|url jdbc:postgresql://[::1]:32802/testdb?loggerLevel=OFF|     drop sequence if exists pet_facility_seq|     drop sequence if exists pet_facility_seq
1771326503913|0|statement|connection 78|url jdbc:postgresql://[::1]:32802/testdb?loggerLevel=OFF|     drop sequence if exists profile_image_seq|     drop sequence if exists profile_image_seq
1771326503913|0|statement|connection 78|url jdbc:postgresql://[::1]:32802/testdb?loggerLevel=OFF|     drop sequence if exists residence_review_seq|     drop sequence if exists residence_review_seq
1771326503914|0|statement|connection 78|url jdbc:postgresql://[::1]:32802/testdb?loggerLevel=OFF|     drop sequence if exists review_photo_seq|     drop sequence if exists review_photo_seq
1771326503915|0|statement|connection 78|url jdbc:postgresql://[::1]:32802/testdb?loggerLevel=OFF|     drop sequence if exists review_stat_seq|     drop sequence if exists review_stat_seq
1771326503915|0|statement|connection 78|url jdbc:postgresql://[::1]:32802/testdb?loggerLevel=OFF|     drop sequence if exists selected_option_seq|     drop sequence if exists selected_option_seq
1771326503916|0|statement|connection 78|url jdbc:postgresql://[::1]:32802/testdb?loggerLevel=OFF|     drop sequence if exists survey_option_seq|     drop sequence if exists survey_option_seq
1771326503917|0|statement|connection 78|url jdbc:postgresql://[::1]:32802/testdb?loggerLevel=OFF|     drop sequence if exists survey_option_stat_seq|     drop sequence if exists survey_option_stat_seq
1771326503918|0|statement|connection 78|url jdbc:postgresql://[::1]:32802/testdb?loggerLevel=OFF|     drop sequence if exists survey_question_seq|     drop sequence if exists survey_question_seq
1771326503918|0|statement|connection 78|url jdbc:postgresql://[::1]:32802/testdb?loggerLevel=OFF|     drop sequence if exists users_seq|     drop sequence if exists users_seq
1771326504042|0|statement|connection 79|url jdbc:postgresql://[::1]:32802/testdb?loggerLevel=OFF|     set client_min_messages = WARNING|     set client_min_messages = WARNING
1771326504044|0|statement|connection 79|url jdbc:postgresql://[::1]:32802/testdb?loggerLevel=OFF|     alter table if exists residence_review         drop constraint if exists FK3vpq8lllrghc6bbler7b8msy7|     alter table if exists residence_review         drop constraint if exists FK3vpq8lllrghc6bbler7b8msy7
1771326504045|0|statement|connection 79|url jdbc:postgresql://[::1]:32802/testdb?loggerLevel=OFF|     alter table if exists residence_review         drop constraint if exists FKnp29l6n02pcy9jtsd6keongnc|     alter table if exists residence_review         drop constraint if exists FKnp29l6n02pcy9jtsd6keongnc
1771326504045|0|statement|connection 79|url jdbc:postgresql://[::1]:32802/testdb?loggerLevel=OFF|     alter table if exists review_photo         drop constraint if exists FKri1bx3taykubbemi8w5fe4ynm|     alter table if exists review_photo         drop constraint if exists FKri1bx3taykubbemi8w5fe4ynm
1771326504046|0|statement|connection 79|url jdbc:postgresql://[::1]:32802/testdb?loggerLevel=OFF|     alter table if exists review_stat         drop constraint if exists FKt14tf8u8187koa0xdawenxq12|     alter table if exists review_stat         drop constraint if exists FKt14tf8u8187koa0xdawenxq12
1771326504046|0|statement|connection 79|url jdbc:postgresql://[::1]:32802/testdb?loggerLevel=OFF|     alter table if exists selected_option         drop constraint if exists FKoyt6vw34nt3h5mchduiwhwg88|     alter table if exists selected_option         drop constraint if exists FKoyt6vw34nt3h5mchduiwhwg88
1771326504047|0|statement|connection 79|url jdbc:postgresql://[::1]:32802/testdb?loggerLevel=OFF|     alter table if exists selected_option         drop constraint if exists FKd7y47qdfa0iubmvwvgb3fbbwt|     alter table if exists selected_option         drop constraint if exists FKd7y47qdfa0iubmvwvgb3fbbwt
1771326504048|0|statement|connection 79|url jdbc:postgresql://[::1]:32802/testdb?loggerLevel=OFF|     alter table if exists survey_option         drop constraint if exists FK2nr74sv7n4btggw4t6f5il2n|     alter table if exists survey_option         drop constraint if exists FK2nr74sv7n4btggw4t6f5il2n
1771326504048|0|statement|connection 79|url jdbc:postgresql://[::1]:32802/testdb?loggerLevel=OFF|     alter table if exists survey_option_stat         drop constraint if exists FKbp119mi1f8piueruw3yv20bc7|     alter table if exists survey_option_stat         drop constraint if exists FKbp119mi1f8piueruw3yv20bc7
1771326504049|0|statement|connection 79|url jdbc:postgresql://[::1]:32802/testdb?loggerLevel=OFF|     alter table if exists survey_option_stat         drop constraint if exists FKokofafbc2yaheb0hnmy24odgn|     alter table if exists survey_option_stat         drop constraint if exists FKokofafbc2yaheb0hnmy24odgn
1771326504049|0|statement|connection 79|url jdbc:postgresql://[::1]:32802/testdb?loggerLevel=OFF|     alter table if exists survey_option_stat         drop constraint if exists FK9gpl91il3631vwujq0ygd5ns2|     alter table if exists survey_option_stat         drop constraint if exists FK9gpl91il3631vwujq0ygd5ns2
1771326504050|0|statement|connection 79|url jdbc:postgresql://[::1]:32802/testdb?loggerLevel=OFF|     alter table if exists users         drop constraint if exists FKgjuyyw52s3xe61nrl2l6q1j6y|     alter table if exists users         drop constraint if exists FKgjuyyw52s3xe61nrl2l6q1j6y
1771326504051|0|statement|connection 79|url jdbc:postgresql://[::1]:32802/testdb?loggerLevel=OFF|     drop table if exists building cascade|     drop table if exists building cascade
1771326504052|0|statement|connection 79|url jdbc:postgresql://[::1]:32802/testdb?loggerLevel=OFF|     drop table if exists legal_address cascade|     drop table if exists legal_address cascade
1771326504052|0|statement|connection 79|url jdbc:postgresql://[::1]:32802/testdb?loggerLevel=OFF|     drop table if exists pet_facility cascade|     drop table if exists pet_facility cascade
1771326504053|0|statement|connection 79|url jdbc:postgresql://[::1]:32802/testdb?loggerLevel=OFF|     drop table if exists profile_image cascade|     drop table if exists profile_image cascade
1771326504053|0|statement|connection 79|url jdbc:postgresql://[::1]:32802/testdb?loggerLevel=OFF|     drop table if exists residence_review cascade|     drop table if exists residence_review cascade
1771326504054|0|statement|connection 79|url jdbc:postgresql://[::1]:32802/testdb?loggerLevel=OFF|     drop table if exists review_photo cascade|     drop table if exists review_photo cascade
1771326504055|0|statement|connection 79|url jdbc:postgresql://[::1]:32802/testdb?loggerLevel=OFF|     drop table if exists review_stat cascade|     drop table if exists review_stat cascade
1771326504055|0|statement|connection 79|url jdbc:postgresql://[::1]:32802/testdb?loggerLevel=OFF|     drop table if exists selected_option cascade|     drop table if exists selected_option cascade
1771326504056|0|statement|connection 79|url jdbc:postgresql://[::1]:32802/testdb?loggerLevel=OFF|     drop table if exists survey_option cascade|     drop table if exists survey_option cascade
1771326504056|0|statement|connection 79|url jdbc:postgresql://[::1]:32802/testdb?loggerLevel=OFF|     drop table if exists survey_option_stat cascade|     drop table if exists survey_option_stat cascade
1771326504057|0|statement|connection 79|url jdbc:postgresql://[::1]:32802/testdb?loggerLevel=OFF|     drop table if exists survey_question cascade|     drop table if exists survey_question cascade
1771326504058|0|statement|connection 79|url jdbc:postgresql://[::1]:32802/testdb?loggerLevel=OFF|     drop table if exists users cascade|     drop table if exists users cascade
1771326504058|0|statement|connection 79|url jdbc:postgresql://[::1]:32802/testdb?loggerLevel=OFF|     drop sequence if exists building_seq|     drop sequence if exists building_seq
1771326504059|0|statement|connection 79|url jdbc:postgresql://[::1]:32802/testdb?loggerLevel=OFF|     drop sequence if exists legal_address_seq|     drop sequence if exists legal_address_seq
1771326504059|0|statement|connection 79|url jdbc:postgresql://[::1]:32802/testdb?loggerLevel=OFF|     drop sequence if exists pet_facility_seq|     drop sequence if exists pet_facility_seq
1771326504060|0|statement|connection 79|url jdbc:postgresql://[::1]:32802/testdb?loggerLevel=OFF|     drop sequence if exists profile_image_seq|     drop sequence if exists profile_image_seq
1771326504061|0|statement|connection 79|url jdbc:postgresql://[::1]:32802/testdb?loggerLevel=OFF|     drop sequence if exists residence_review_seq|     drop sequence if exists residence_review_seq
1771326504061|0|statement|connection 79|url jdbc:postgresql://[::1]:32802/testdb?loggerLevel=OFF|     drop sequence if exists review_photo_seq|     drop sequence if exists review_photo_seq
1771326504062|0|statement|connection 79|url jdbc:postgresql://[::1]:32802/testdb?loggerLevel=OFF|     drop sequence if exists review_stat_seq|     drop sequence if exists review_stat_seq
1771326504062|0|statement|connection 79|url jdbc:postgresql://[::1]:32802/testdb?loggerLevel=OFF|     drop sequence if exists selected_option_seq|     drop sequence if exists selected_option_seq
1771326504063|0|statement|connection 79|url jdbc:postgresql://[::1]:32802/testdb?loggerLevel=OFF|     drop sequence if exists survey_option_seq|     drop sequence if exists survey_option_seq
1771326504063|0|statement|connection 79|url jdbc:postgresql://[::1]:32802/testdb?loggerLevel=OFF|     drop sequence if exists survey_option_stat_seq|     drop sequence if exists survey_option_stat_seq
1771326504064|0|statement|connection 79|url jdbc:postgresql://[::1]:32802/testdb?loggerLevel=OFF|     drop sequence if exists survey_question_seq|     drop sequence if exists survey_question_seq
1771326504064|0|statement|connection 79|url jdbc:postgresql://[::1]:32802/testdb?loggerLevel=OFF|     drop sequence if exists users_seq|     drop sequence if exists users_seq
1771326504192|0|statement|connection 80|url jdbc:postgresql://[::1]:32802/testdb?loggerLevel=OFF|     set client_min_messages = WARNING|     set client_min_messages = WARNING
1771326504194|0|statement|connection 80|url jdbc:postgresql://[::1]:32802/testdb?loggerLevel=OFF|     alter table if exists residence_review         drop constraint if exists FK3vpq8lllrghc6bbler7b8msy7|     alter table if exists residence_review         drop constraint if exists FK3vpq8lllrghc6bbler7b8msy7
1771326504195|0|statement|connection 80|url jdbc:postgresql://[::1]:32802/testdb?loggerLevel=OFF|     alter table if exists residence_review         drop constraint if exists FKnp29l6n02pcy9jtsd6keongnc|     alter table if exists residence_review         drop constraint if exists FKnp29l6n02pcy9jtsd6keongnc
1771326504195|0|statement|connection 80|url jdbc:postgresql://[::1]:32802/testdb?loggerLevel=OFF|     alter table if exists review_photo         drop constraint if exists FKri1bx3taykubbemi8w5fe4ynm|     alter table if exists review_photo         drop constraint if exists FKri1bx3taykubbemi8w5fe4ynm
1771326504196|0|statement|connection 80|url jdbc:postgresql://[::1]:32802/testdb?loggerLevel=OFF|     alter table if exists review_stat         drop constraint if exists FKt14tf8u8187koa0xdawenxq12|     alter table if exists review_stat         drop constraint if exists FKt14tf8u8187koa0xdawenxq12
1771326504196|0|statement|connection 80|url jdbc:postgresql://[::1]:32802/testdb?loggerLevel=OFF|     alter table if exists selected_option         drop constraint if exists FKoyt6vw34nt3h5mchduiwhwg88|     alter table if exists selected_option         drop constraint if exists FKoyt6vw34nt3h5mchduiwhwg88
1771326504197|0|statement|connection 80|url jdbc:postgresql://[::1]:32802/testdb?loggerLevel=OFF|     alter table if exists selected_option         drop constraint if exists FKd7y47qdfa0iubmvwvgb3fbbwt|     alter table if exists selected_option         drop constraint if exists FKd7y47qdfa0iubmvwvgb3fbbwt
1771326504197|0|statement|connection 80|url jdbc:postgresql://[::1]:32802/testdb?loggerLevel=OFF|     alter table if exists survey_option         drop constraint if exists FK2nr74sv7n4btggw4t6f5il2n|     alter table if exists survey_option         drop constraint if exists FK2nr74sv7n4btggw4t6f5il2n
1771326504198|0|statement|connection 80|url jdbc:postgresql://[::1]:32802/testdb?loggerLevel=OFF|     alter table if exists survey_option_stat         drop constraint if exists FKbp119mi1f8piueruw3yv20bc7|     alter table if exists survey_option_stat         drop constraint if exists FKbp119mi1f8piueruw3yv20bc7
1771326504198|0|statement|connection 80|url jdbc:postgresql://[::1]:32802/testdb?loggerLevel=OFF|     alter table if exists survey_option_stat         drop constraint if exists FKokofafbc2yaheb0hnmy24odgn|     alter table if exists survey_option_stat         drop constraint if exists FKokofafbc2yaheb0hnmy24odgn
1771326504199|0|statement|connection 80|url jdbc:postgresql://[::1]:32802/testdb?loggerLevel=OFF|     alter table if exists survey_option_stat         drop constraint if exists FK9gpl91il3631vwujq0ygd5ns2|     alter table if exists survey_option_stat         drop constraint if exists FK9gpl91il3631vwujq0ygd5ns2
1771326504201|0|statement|connection 80|url jdbc:postgresql://[::1]:32802/testdb?loggerLevel=OFF|     alter table if exists users         drop constraint if exists FKgjuyyw52s3xe61nrl2l6q1j6y|     alter table if exists users         drop constraint if exists FKgjuyyw52s3xe61nrl2l6q1j6y
1771326504201|0|statement|connection 80|url jdbc:postgresql://[::1]:32802/testdb?loggerLevel=OFF|     drop table if exists building cascade|     drop table if exists building cascade
1771326504202|0|statement|connection 80|url jdbc:postgresql://[::1]:32802/testdb?loggerLevel=OFF|     drop table if exists legal_address cascade|     drop table if exists legal_address cascade
1771326504203|0|statement|connection 80|url jdbc:postgresql://[::1]:32802/testdb?loggerLevel=OFF|     drop table if exists pet_facility cascade|     drop table if exists pet_facility cascade
1771326504203|0|statement|connection 80|url jdbc:postgresql://[::1]:32802/testdb?loggerLevel=OFF|     drop table if exists profile_image cascade|     drop table if exists profile_image cascade
1771326504204|0|statement|connection 80|url jdbc:postgresql://[::1]:32802/testdb?loggerLevel=OFF|     drop table if exists residence_review cascade|     drop table if exists residence_review cascade
1771326504204|0|statement|connection 80|url jdbc:postgresql://[::1]:32802/testdb?loggerLevel=OFF|     drop table if exists review_photo cascade|     drop table if exists review_photo cascade
1771326504205|0|statement|connection 80|url jdbc:postgresql://[::1]:32802/testdb?loggerLevel=OFF|     drop table if exists review_stat cascade|     drop table if exists review_stat cascade
1771326504205|0|statement|connection 80|url jdbc:postgresql://[::1]:32802/testdb?loggerLevel=OFF|     drop table if exists selected_option cascade|     drop table if exists selected_option cascade
1771326504206|0|statement|connection 80|url jdbc:postgresql://[::1]:32802/testdb?loggerLevel=OFF|     drop table if exists survey_option cascade|     drop table if exists survey_option cascade
1771326504207|0|statement|connection 80|url jdbc:postgresql://[::1]:32802/testdb?loggerLevel=OFF|     drop table if exists survey_option_stat cascade|     drop table if exists survey_option_stat cascade
1771326504207|0|statement|connection 80|url jdbc:postgresql://[::1]:32802/testdb?loggerLevel=OFF|     drop table if exists survey_question cascade|     drop table if exists survey_question cascade
1771326504208|0|statement|connection 80|url jdbc:postgresql://[::1]:32802/testdb?loggerLevel=OFF|     drop table if exists users cascade|     drop table if exists users cascade
1771326504208|0|statement|connection 80|url jdbc:postgresql://[::1]:32802/testdb?loggerLevel=OFF|     drop sequence if exists building_seq|     drop sequence if exists building_seq
1771326504209|0|statement|connection 80|url jdbc:postgresql://[::1]:32802/testdb?loggerLevel=OFF|     drop sequence if exists legal_address_seq|     drop sequence if exists legal_address_seq
1771326504209|0|statement|connection 80|url jdbc:postgresql://[::1]:32802/testdb?loggerLevel=OFF|     drop sequence if exists pet_facility_seq|     drop sequence if exists pet_facility_seq
1771326504211|0|statement|connection 80|url jdbc:postgresql://[::1]:32802/testdb?loggerLevel=OFF|     drop sequence if exists profile_image_seq|     drop sequence if exists profile_image_seq
1771326504211|0|statement|connection 80|url jdbc:postgresql://[::1]:32802/testdb?loggerLevel=OFF|     drop sequence if exists residence_review_seq|     drop sequence if exists residence_review_seq
1771326504212|0|statement|connection 80|url jdbc:postgresql://[::1]:32802/testdb?loggerLevel=OFF|     drop sequence if exists review_photo_seq|     drop sequence if exists review_photo_seq
1771326504212|0|statement|connection 80|url jdbc:postgresql://[::1]:32802/testdb?loggerLevel=OFF|     drop sequence if exists review_stat_seq|     drop sequence if exists review_stat_seq
1771326504213|0|statement|connection 80|url jdbc:postgresql://[::1]:32802/testdb?loggerLevel=OFF|     drop sequence if exists selected_option_seq|     drop sequence if exists selected_option_seq
1771326504214|0|statement|connection 80|url jdbc:postgresql://[::1]:32802/testdb?loggerLevel=OFF|     drop sequence if exists survey_option_seq|     drop sequence if exists survey_option_seq
1771326504214|0|statement|connection 80|url jdbc:postgresql://[::1]:32802/testdb?loggerLevel=OFF|     drop sequence if exists survey_option_stat_seq|     drop sequence if exists survey_option_stat_seq
1771326504215|0|statement|connection 80|url jdbc:postgresql://[::1]:32802/testdb?loggerLevel=OFF|     drop sequence if exists survey_question_seq|     drop sequence if exists survey_question_seq
1771326504215|0|statement|connection 80|url jdbc:postgresql://[::1]:32802/testdb?loggerLevel=OFF|     drop sequence if exists users_seq|     drop sequence if exists users_seq
1771326779502|0|statement|connection 72|url jdbc:postgresql://[::1]:32804/testdb?loggerLevel=OFF|     set client_min_messages = WARNING|     set client_min_messages = WARNING
1771326779505|1|statement|connection 72|url jdbc:postgresql://[::1]:32804/testdb?loggerLevel=OFF|     alter table if exists residence_review         drop constraint if exists FK3vpq8lllrghc6bbler7b8msy7|     alter table if exists residence_review         drop constraint if exists FK3vpq8lllrghc6bbler7b8msy7
1771326779506|0|statement|connection 72|url jdbc:postgresql://[::1]:32804/testdb?loggerLevel=OFF|     alter table if exists residence_review         drop constraint if exists FKnp29l6n02pcy9jtsd6keongnc|     alter table if exists residence_review         drop constraint if exists FKnp29l6n02pcy9jtsd6keongnc
1771326779508|0|statement|connection 72|url jdbc:postgresql://[::1]:32804/testdb?loggerLevel=OFF|     alter table if exists review_photo         drop constraint if exists FKri1bx3taykubbemi8w5fe4ynm|     alter table if exists review_photo         drop constraint if exists FKri1bx3taykubbemi8w5fe4ynm
1771326779509|0|statement|connection 72|url jdbc:postgresql://[::1]:32804/testdb?loggerLevel=OFF|     alter table if exists review_stat         drop constraint if exists FKt14tf8u8187koa0xdawenxq12|     alter table if exists review_stat         drop constraint if exists FKt14tf8u8187koa0xdawenxq12
1771326779510|0|statement|connection 72|url jdbc:postgresql://[::1]:32804/testdb?loggerLevel=OFF|     alter table if exists selected_option         drop constraint if exists FKoyt6vw34nt3h5mchduiwhwg88|     alter table if exists selected_option         drop constraint if exists FKoyt6vw34nt3h5mchduiwhwg88
1771326779510|0|statement|connection 72|url jdbc:postgresql://[::1]:32804/testdb?loggerLevel=OFF|     alter table if exists selected_option         drop constraint if exists FKd7y47qdfa0iubmvwvgb3fbbwt|     alter table if exists selected_option         drop constraint if exists FKd7y47qdfa0iubmvwvgb3fbbwt
1771326779511|0|statement|connection 72|url jdbc:postgresql://[::1]:32804/testdb?loggerLevel=OFF|     alter table if exists survey_option         drop constraint if exists FK2nr74sv7n4btggw4t6f5il2n|     alter table if exists survey_option         drop constraint if exists FK2nr74sv7n4btggw4t6f5il2n
1771326779512|0|statement|connection 72|url jdbc:postgresql://[::1]:32804/testdb?loggerLevel=OFF|     alter table if exists survey_option_stat         drop constraint if exists FKbp119mi1f8piueruw3yv20bc7|     alter table if exists survey_option_stat         drop constraint if exists FKbp119mi1f8piueruw3yv20bc7
1771326779513|0|statement|connection 72|url jdbc:postgresql://[::1]:32804/testdb?loggerLevel=OFF|     alter table if exists survey_option_stat         drop constraint if exists FKokofafbc2yaheb0hnmy24odgn|     alter table if exists survey_option_stat         drop constraint if exists FKokofafbc2yaheb0hnmy24odgn
1771326779514|0|statement|connection 72|url jdbc:postgresql://[::1]:32804/testdb?loggerLevel=OFF|     alter table if exists survey_option_stat         drop constraint if exists FK9gpl91il3631vwujq0ygd5ns2|     alter table if exists survey_option_stat         drop constraint if exists FK9gpl91il3631vwujq0ygd5ns2
1771326779515|0|statement|connection 72|url jdbc:postgresql://[::1]:32804/testdb?loggerLevel=OFF|     alter table if exists users         drop constraint if exists FKgjuyyw52s3xe61nrl2l6q1j6y|     alter table if exists users         drop constraint if exists FKgjuyyw52s3xe61nrl2l6q1j6y
1771326779516|0|statement|connection 72|url jdbc:postgresql://[::1]:32804/testdb?loggerLevel=OFF|     drop table if exists building cascade|     drop table if exists building cascade
1771326779518|0|statement|connection 72|url jdbc:postgresql://[::1]:32804/testdb?loggerLevel=OFF|     drop table if exists legal_address cascade|     drop table if exists legal_address cascade
1771326779519|1|statement|connection 72|url jdbc:postgresql://[::1]:32804/testdb?loggerLevel=OFF|     drop table if exists pet_facility cascade|     drop table if exists pet_facility cascade
1771326779520|0|statement|connection 72|url jdbc:postgresql://[::1]:32804/testdb?loggerLevel=OFF|     drop table if exists profile_image cascade|     drop table if exists profile_image cascade
1771326779521|0|statement|connection 72|url jdbc:postgresql://[::1]:32804/testdb?loggerLevel=OFF|     drop table if exists residence_review cascade|     drop table if exists residence_review cascade
1771326779522|0|statement|connection 72|url jdbc:postgresql://[::1]:32804/testdb?loggerLevel=OFF|     drop table if exists review_photo cascade|     drop table if exists review_photo cascade
1771326779522|0|statement|connection 72|url jdbc:postgresql://[::1]:32804/testdb?loggerLevel=OFF|     drop table if exists review_stat cascade|     drop table if exists review_stat cascade
1771326779523|0|statement|connection 72|url jdbc:postgresql://[::1]:32804/testdb?loggerLevel=OFF|     drop table if exists selected_option cascade|     drop table if exists selected_option cascade
1771326779524|0|statement|connection 72|url jdbc:postgresql://[::1]:32804/testdb?loggerLevel=OFF|     drop table if exists survey_option cascade|     drop table if exists survey_option cascade
1771326779525|0|statement|connection 72|url jdbc:postgresql://[::1]:32804/testdb?loggerLevel=OFF|     drop table if exists survey_option_stat cascade|     drop table if exists survey_option_stat cascade
1771326779526|0|statement|connection 72|url jdbc:postgresql://[::1]:32804/testdb?loggerLevel=OFF|     drop table if exists survey_question cascade|     drop table if exists survey_question cascade
1771326779526|0|statement|connection 72|url jdbc:postgresql://[::1]:32804/testdb?loggerLevel=OFF|     drop table if exists users cascade|     drop table if exists users cascade
1771326779527|1|statement|connection 72|url jdbc:postgresql://[::1]:32804/testdb?loggerLevel=OFF|     drop sequence if exists building_seq|     drop sequence if exists building_seq
1771326779529|0|statement|connection 72|url jdbc:postgresql://[::1]:32804/testdb?loggerLevel=OFF|     drop sequence if exists legal_address_seq|     drop sequence if exists legal_address_seq
1771326779529|0|statement|connection 72|url jdbc:postgresql://[::1]:32804/testdb?loggerLevel=OFF|     drop sequence if exists pet_facility_seq|     drop sequence if exists pet_facility_seq
1771326779530|0|statement|connection 72|url jdbc:postgresql://[::1]:32804/testdb?loggerLevel=OFF|     drop sequence if exists profile_image_seq|     drop sequence if exists profile_image_seq
1771326779531|0|statement|connection 72|url jdbc:postgresql://[::1]:32804/testdb?loggerLevel=OFF|     drop sequence if exists residence_review_seq|     drop sequence if exists residence_review_seq
1771326779532|0|statement|connection 72|url jdbc:postgresql://[::1]:32804/testdb?loggerLevel=OFF|     drop sequence if exists review_photo_seq|     drop sequence if exists review_photo_seq
1771326779533|0|statement|connection 72|url jdbc:postgresql://[::1]:32804/testdb?loggerLevel=OFF|     drop sequence if exists review_stat_seq|     drop sequence if exists review_stat_seq
1771326779534|0|statement|connection 72|url jdbc:postgresql://[::1]:32804/testdb?loggerLevel=OFF|     drop sequence if exists selected_option_seq|     drop sequence if exists selected_option_seq
1771326779534|0|statement|connection 72|url jdbc:postgresql://[::1]:32804/testdb?loggerLevel=OFF|     drop sequence if exists survey_option_seq|     drop sequence if exists survey_option_seq
1771326779535|0|statement|connection 72|url jdbc:postgresql://[::1]:32804/testdb?loggerLevel=OFF|     drop sequence if exists survey_option_stat_seq|     drop sequence if exists survey_option_stat_seq
1771326779536|0|statement|connection 72|url jdbc:postgresql://[::1]:32804/testdb?loggerLevel=OFF|     drop sequence if exists survey_question_seq|     drop sequence if exists survey_question_seq
1771326779537|0|statement|connection 72|url jdbc:postgresql://[::1]:32804/testdb?loggerLevel=OFF|     drop sequence if exists users_seq|     drop sequence if exists users_seq
1771326779669|0|statement|connection 73|url jdbc:h2:mem:test|     set client_min_messages = WARNING|     set client_min_messages = WARNING
1771326779670|1|statement|connection 73|url jdbc:h2:mem:test|     alter table if exists residence_review         drop constraint if exists FK3vpq8lllrghc6bbler7b8msy7|     alter table if exists residence_review         drop constraint if exists FK3vpq8lllrghc6bbler7b8msy7
1771326779671|0|statement|connection 73|url jdbc:h2:mem:test|     alter table if exists residence_review         drop constraint if exists FKnp29l6n02pcy9jtsd6keongnc|     alter table if exists residence_review         drop constraint if exists FKnp29l6n02pcy9jtsd6keongnc
1771326779672|0|statement|connection 73|url jdbc:h2:mem:test|     alter table if exists review_photo         drop constraint if exists FKri1bx3taykubbemi8w5fe4ynm|     alter table if exists review_photo         drop constraint if exists FKri1bx3taykubbemi8w5fe4ynm
1771326779672|0|statement|connection 73|url jdbc:h2:mem:test|     alter table if exists review_stat         drop constraint if exists FKt14tf8u8187koa0xdawenxq12|     alter table if exists review_stat         drop constraint if exists FKt14tf8u8187koa0xdawenxq12
1771326779673|0|statement|connection 73|url jdbc:h2:mem:test|     alter table if exists selected_option         drop constraint if exists FKoyt6vw34nt3h5mchduiwhwg88|     alter table if exists selected_option         drop constraint if exists FKoyt6vw34nt3h5mchduiwhwg88
1771326779674|0|statement|connection 73|url jdbc:h2:mem:test|     alter table if exists selected_option         drop constraint if exists FKd7y47qdfa0iubmvwvgb3fbbwt|     alter table if exists selected_option         drop constraint if exists FKd7y47qdfa0iubmvwvgb3fbbwt
1771326779674|0|statement|connection 73|url jdbc:h2:mem:test|     alter table if exists survey_option         drop constraint if exists FK2nr74sv7n4btggw4t6f5il2n|     alter table if exists survey_option         drop constraint if exists FK2nr74sv7n4btggw4t6f5il2n
1771326779675|0|statement|connection 73|url jdbc:h2:mem:test|     alter table if exists survey_option_stat         drop constraint if exists FKbp119mi1f8piueruw3yv20bc7|     alter table if exists survey_option_stat         drop constraint if exists FKbp119mi1f8piueruw3yv20bc7
1771326779675|0|statement|connection 73|url jdbc:h2:mem:test|     alter table if exists survey_option_stat         drop constraint if exists FKokofafbc2yaheb0hnmy24odgn|     alter table if exists survey_option_stat         drop constraint if exists FKokofafbc2yaheb0hnmy24odgn
1771326779676|0|statement|connection 73|url jdbc:h2:mem:test|     alter table if exists survey_option_stat         drop constraint if exists FK9gpl91il3631vwujq0ygd5ns2|     alter table if exists survey_option_stat         drop constraint if exists FK9gpl91il3631vwujq0ygd5ns2
1771326779676|0|statement|connection 73|url jdbc:h2:mem:test|     alter table if exists users         drop constraint if exists FKgjuyyw52s3xe61nrl2l6q1j6y|     alter table if exists users         drop constraint if exists FKgjuyyw52s3xe61nrl2l6q1j6y
1771326779678|1|statement|connection 73|url jdbc:h2:mem:test|     drop table if exists building cascade|     drop table if exists building cascade
1771326779679|0|statement|connection 73|url jdbc:h2:mem:test|     drop table if exists legal_address cascade|     drop table if exists legal_address cascade
1771326779679|0|statement|connection 73|url jdbc:h2:mem:test|     drop table if exists pet_facility cascade|     drop table if exists pet_facility cascade
1771326779680|0|statement|connection 73|url jdbc:h2:mem:test|     drop table if exists profile_image cascade|     drop table if exists profile_image cascade
1771326779680|0|statement|connection 73|url jdbc:h2:mem:test|     drop table if exists residence_review cascade|     drop table if exists residence_review cascade
1771326779681|0|statement|connection 73|url jdbc:h2:mem:test|     drop table if exists review_photo cascade|     drop table if exists review_photo cascade
1771326779682|0|statement|connection 73|url jdbc:h2:mem:test|     drop table if exists review_stat cascade|     drop table if exists review_stat cascade
1771326779683|0|statement|connection 73|url jdbc:h2:mem:test|     drop table if exists selected_option cascade|     drop table if exists selected_option cascade
1771326779683|0|statement|connection 73|url jdbc:h2:mem:test|     drop table if exists survey_option cascade|     drop table if exists survey_option cascade
1771326779685|1|statement|connection 73|url jdbc:h2:mem:test|     drop table if exists survey_option_stat cascade|     drop table if exists survey_option_stat cascade
1771326779685|0|statement|connection 73|url jdbc:h2:mem:test|     drop table if exists survey_question cascade|     drop table if exists survey_question cascade
1771326779687|1|statement|connection 73|url jdbc:h2:mem:test|     drop table if exists users cascade|     drop table if exists users cascade
1771326779688|0|statement|connection 73|url jdbc:h2:mem:test|     drop sequence if exists building_seq|     drop sequence if exists building_seq
1771326779689|0|statement|connection 73|url jdbc:h2:mem:test|     drop sequence if exists legal_address_seq|     drop sequence if exists legal_address_seq
1771326779689|0|statement|connection 73|url jdbc:h2:mem:test|     drop sequence if exists pet_facility_seq|     drop sequence if exists pet_facility_seq
1771326779689|0|statement|connection 73|url jdbc:h2:mem:test|     drop sequence if exists profile_image_seq|     drop sequence if exists profile_image_seq
1771326779690|0|statement|connection 73|url jdbc:h2:mem:test|     drop sequence if exists residence_review_seq|     drop sequence if exists residence_review_seq
1771326779690|0|statement|connection 73|url jdbc:h2:mem:test|     drop sequence if exists review_photo_seq|     drop sequence if exists review_photo_seq
1771326779691|0|statement|connection 73|url jdbc:h2:mem:test|     drop sequence if exists review_stat_seq|     drop sequence if exists review_stat_seq
1771326779692|0|statement|connection 73|url jdbc:h2:mem:test|     drop sequence if exists selected_option_seq|     drop sequence if exists selected_option_seq
1771326779692|0|statement|connection 73|url jdbc:h2:mem:test|     drop sequence if exists survey_option_seq|     drop sequence if exists survey_option_seq
1771326779694|0|statement|connection 73|url jdbc:h2:mem:test|     drop sequence if exists survey_option_stat_seq|     drop sequence if exists survey_option_stat_seq
1771326779694|0|statement|connection 73|url jdbc:h2:mem:test|     drop sequence if exists survey_question_seq|     drop sequence if exists survey_question_seq
1771326779695|0|statement|connection 73|url jdbc:h2:mem:test|     drop sequence if exists users_seq|     drop sequence if exists users_seq
1771326779823|0|statement|connection 74|url jdbc:postgresql://[::1]:32804/testdb?loggerLevel=OFF|     set client_min_messages = WARNING|     set client_min_messages = WARNING
1771326779826|1|statement|connection 74|url jdbc:postgresql://[::1]:32804/testdb?loggerLevel=OFF|     alter table if exists residence_review         drop constraint if exists FK3vpq8lllrghc6bbler7b8msy7|     alter table if exists residence_review         drop constraint if exists FK3vpq8lllrghc6bbler7b8msy7
1771326779828|0|statement|connection 74|url jdbc:postgresql://[::1]:32804/testdb?loggerLevel=OFF|     alter table if exists residence_review         drop constraint if exists FKnp29l6n02pcy9jtsd6keongnc|     alter table if exists residence_review         drop constraint if exists FKnp29l6n02pcy9jtsd6keongnc
1771326779829|0|statement|connection 74|url jdbc:postgresql://[::1]:32804/testdb?loggerLevel=OFF|     alter table if exists review_photo         drop constraint if exists FKri1bx3taykubbemi8w5fe4ynm|     alter table if exists review_photo         drop constraint if exists FKri1bx3taykubbemi8w5fe4ynm
1771326779830|0|statement|connection 74|url jdbc:postgresql://[::1]:32804/testdb?loggerLevel=OFF|     alter table if exists review_stat         drop constraint if exists FKt14tf8u8187koa0xdawenxq12|     alter table if exists review_stat         drop constraint if exists FKt14tf8u8187koa0xdawenxq12
1771326779831|0|statement|connection 74|url jdbc:postgresql://[::1]:32804/testdb?loggerLevel=OFF|     alter table if exists selected_option         drop constraint if exists FKoyt6vw34nt3h5mchduiwhwg88|     alter table if exists selected_option         drop constraint if exists FKoyt6vw34nt3h5mchduiwhwg88
1771326779832|0|statement|connection 74|url jdbc:postgresql://[::1]:32804/testdb?loggerLevel=OFF|     alter table if exists selected_option         drop constraint if exists FKd7y47qdfa0iubmvwvgb3fbbwt|     alter table if exists selected_option         drop constraint if exists FKd7y47qdfa0iubmvwvgb3fbbwt
1771326779833|0|statement|connection 74|url jdbc:postgresql://[::1]:32804/testdb?loggerLevel=OFF|     alter table if exists survey_option         drop constraint if exists FK2nr74sv7n4btggw4t6f5il2n|     alter table if exists survey_option         drop constraint if exists FK2nr74sv7n4btggw4t6f5il2n
1771326779833|0|statement|connection 74|url jdbc:postgresql://[::1]:32804/testdb?loggerLevel=OFF|     alter table if exists survey_option_stat         drop constraint if exists FKbp119mi1f8piueruw3yv20bc7|     alter table if exists survey_option_stat         drop constraint if exists FKbp119mi1f8piueruw3yv20bc7
1771326779834|0|statement|connection 74|url jdbc:postgresql://[::1]:32804/testdb?loggerLevel=OFF|     alter table if exists survey_option_stat         drop constraint if exists FKokofafbc2yaheb0hnmy24odgn|     alter table if exists survey_option_stat         drop constraint if exists FKokofafbc2yaheb0hnmy24odgn
1771326779835|0|statement|connection 74|url jdbc:postgresql://[::1]:32804/testdb?loggerLevel=OFF|     alter table if exists survey_option_stat         drop constraint if exists FK9gpl91il3631vwujq0ygd5ns2|     alter table if exists survey_option_stat         drop constraint if exists FK9gpl91il3631vwujq0ygd5ns2
1771326779836|0|statement|connection 74|url jdbc:postgresql://[::1]:32804/testdb?loggerLevel=OFF|     alter table if exists users         drop constraint if exists FKgjuyyw52s3xe61nrl2l6q1j6y|     alter table if exists users         drop constraint if exists FKgjuyyw52s3xe61nrl2l6q1j6y
1771326779837|0|statement|connection 74|url jdbc:postgresql://[::1]:32804/testdb?loggerLevel=OFF|     drop table if exists building cascade|     drop table if exists building cascade
1771326779838|0|statement|connection 74|url jdbc:postgresql://[::1]:32804/testdb?loggerLevel=OFF|     drop table if exists legal_address cascade|     drop table if exists legal_address cascade
1771326779839|0|statement|connection 74|url jdbc:postgresql://[::1]:32804/testdb?loggerLevel=OFF|     drop table if exists pet_facility cascade|     drop table if exists pet_facility cascade
1771326779840|0|statement|connection 74|url jdbc:postgresql://[::1]:32804/testdb?loggerLevel=OFF|     drop table if exists profile_image cascade|     drop table if exists profile_image cascade
1771326779841|0|statement|connection 74|url jdbc:postgresql://[::1]:32804/testdb?loggerLevel=OFF|     drop table if exists residence_review cascade|     drop table if exists residence_review cascade
1771326779842|0|statement|connection 74|url jdbc:postgresql://[::1]:32804/testdb?loggerLevel=OFF|     drop table if exists review_photo cascade|     drop table if exists review_photo cascade
1771326779843|0|statement|connection 74|url jdbc:postgresql://[::1]:32804/testdb?loggerLevel=OFF|     drop table if exists review_stat cascade|     drop table if exists review_stat cascade
1771326779843|0|statement|connection 74|url jdbc:postgresql://[::1]:32804/testdb?loggerLevel=OFF|     drop table if exists selected_option cascade|     drop table if exists selected_option cascade
1771326779844|0|statement|connection 74|url jdbc:postgresql://[::1]:32804/testdb?loggerLevel=OFF|     drop table if exists survey_option cascade|     drop table if exists survey_option cascade
1771326779845|0|statement|connection 74|url jdbc:postgresql://[::1]:32804/testdb?loggerLevel=OFF|     drop table if exists survey_option_stat cascade|     drop table if exists survey_option_stat cascade
1771326779845|0|statement|connection 74|url jdbc:postgresql://[::1]:32804/testdb?loggerLevel=OFF|     drop table if exists survey_question cascade|     drop table if exists survey_question cascade
1771326779845|0|statement|connection 74|url jdbc:postgresql://[::1]:32804/testdb?loggerLevel=OFF|     drop table if exists users cascade|     drop table if exists users cascade
1771326779847|0|statement|connection 74|url jdbc:postgresql://[::1]:32804/testdb?loggerLevel=OFF|     drop sequence if exists building_seq|     drop sequence if exists building_seq
1771326779847|0|statement|connection 74|url jdbc:postgresql://[::1]:32804/testdb?loggerLevel=OFF|     drop sequence if exists legal_address_seq|     drop sequence if exists legal_address_seq
1771326779847|0|statement|connection 74|url jdbc:postgresql://[::1]:32804/testdb?loggerLevel=OFF|     drop sequence if exists pet_facility_seq|     drop sequence if exists pet_facility_seq
1771326779848|0|statement|connection 74|url jdbc:postgresql://[::1]:32804/testdb?loggerLevel=OFF|     drop sequence if exists profile_image_seq|     drop sequence if exists profile_image_seq
1771326779849|0|statement|connection 74|url jdbc:postgresql://[::1]:32804/testdb?loggerLevel=OFF|     drop sequence if exists residence_review_seq|     drop sequence if exists residence_review_seq
1771326779850|0|statement|connection 74|url jdbc:postgresql://[::1]:32804/testdb?loggerLevel=OFF|     drop sequence if exists review_photo_seq|     drop sequence if exists review_photo_seq
1771326779850|0|statement|connection 74|url jdbc:postgresql://[::1]:32804/testdb?loggerLevel=OFF|     drop sequence if exists review_stat_seq|     drop sequence if exists review_stat_seq
1771326779851|0|statement|connection 74|url jdbc:postgresql://[::1]:32804/testdb?loggerLevel=OFF|     drop sequence if exists selected_option_seq|     drop sequence if exists selected_option_seq
1771326779852|0|statement|connection 74|url jdbc:postgresql://[::1]:32804/testdb?loggerLevel=OFF|     drop sequence if exists survey_option_seq|     drop sequence if exists survey_option_seq
1771326779854|0|statement|connection 74|url jdbc:postgresql://[::1]:32804/testdb?loggerLevel=OFF|     drop sequence if exists survey_option_stat_seq|     drop sequence if exists survey_option_stat_seq
1771326779854|0|statement|connection 74|url jdbc:postgresql://[::1]:32804/testdb?loggerLevel=OFF|     drop sequence if exists survey_question_seq|     drop sequence if exists survey_question_seq
1771326779855|0|statement|connection 74|url jdbc:postgresql://[::1]:32804/testdb?loggerLevel=OFF|     drop sequence if exists users_seq|     drop sequence if exists users_seq
1771326779983|0|statement|connection 75|url jdbc:postgresql://[::1]:32804/testdb?loggerLevel=OFF|     set client_min_messages = WARNING|     set client_min_messages = WARNING
1771326779986|2|statement|connection 75|url jdbc:postgresql://[::1]:32804/testdb?loggerLevel=OFF|     alter table if exists residence_review         drop constraint if exists FK3vpq8lllrghc6bbler7b8msy7|     alter table if exists residence_review         drop constraint if exists FK3vpq8lllrghc6bbler7b8msy7
1771326779987|1|statement|connection 75|url jdbc:postgresql://[::1]:32804/testdb?loggerLevel=OFF|     alter table if exists residence_review         drop constraint if exists FKnp29l6n02pcy9jtsd6keongnc|     alter table if exists residence_review         drop constraint if exists FKnp29l6n02pcy9jtsd6keongnc
1771326779988|1|statement|connection 75|url jdbc:postgresql://[::1]:32804/testdb?loggerLevel=OFF|     alter table if exists review_photo         drop constraint if exists FKri1bx3taykubbemi8w5fe4ynm|     alter table if exists review_photo         drop constraint if exists FKri1bx3taykubbemi8w5fe4ynm
1771326779990|1|statement|connection 75|url jdbc:postgresql://[::1]:32804/testdb?loggerLevel=OFF|     alter table if exists review_stat         drop constraint if exists FKt14tf8u8187koa0xdawenxq12|     alter table if exists review_stat         drop constraint if exists FKt14tf8u8187koa0xdawenxq12
1771326779991|1|statement|connection 75|url jdbc:postgresql://[::1]:32804/testdb?loggerLevel=OFF|     alter table if exists selected_option         drop constraint if exists FKoyt6vw34nt3h5mchduiwhwg88|     alter table if exists selected_option         drop constraint if exists FKoyt6vw34nt3h5mchduiwhwg88
1771326779992|0|statement|connection 75|url jdbc:postgresql://[::1]:32804/testdb?loggerLevel=OFF|     alter table if exists selected_option         drop constraint if exists FKd7y47qdfa0iubmvwvgb3fbbwt|     alter table if exists selected_option         drop constraint if exists FKd7y47qdfa0iubmvwvgb3fbbwt
1771326779993|0|statement|connection 75|url jdbc:postgresql://[::1]:32804/testdb?loggerLevel=OFF|     alter table if exists survey_option         drop constraint if exists FK2nr74sv7n4btggw4t6f5il2n|     alter table if exists survey_option         drop constraint if exists FK2nr74sv7n4btggw4t6f5il2n
1771326779995|1|statement|connection 75|url jdbc:postgresql://[::1]:32804/testdb?loggerLevel=OFF|     alter table if exists survey_option_stat         drop constraint if exists FKbp119mi1f8piueruw3yv20bc7|     alter table if exists survey_option_stat         drop constraint if exists FKbp119mi1f8piueruw3yv20bc7
1771326779996|0|statement|connection 75|url jdbc:postgresql://[::1]:32804/testdb?loggerLevel=OFF|     alter table if exists survey_option_stat         drop constraint if exists FKokofafbc2yaheb0hnmy24odgn|     alter table if exists survey_option_stat         drop constraint if exists FKokofafbc2yaheb0hnmy24odgn
1771326779997|0|statement|connection 75|url jdbc:postgresql://[::1]:32804/testdb?loggerLevel=OFF|     alter table if exists survey_option_stat         drop constraint if exists FK9gpl91il3631vwujq0ygd5ns2|     alter table if exists survey_option_stat         drop constraint if exists FK9gpl91il3631vwujq0ygd5ns2
1771326779998|1|statement|connection 75|url jdbc:postgresql://[::1]:32804/testdb?loggerLevel=OFF|     alter table if exists users         drop constraint if exists FKgjuyyw52s3xe61nrl2l6q1j6y|     alter table if exists users         drop constraint if exists FKgjuyyw52s3xe61nrl2l6q1j6y
1771326779999|1|statement|connection 75|url jdbc:postgresql://[::1]:32804/testdb?loggerLevel=OFF|     drop table if exists building cascade|     drop table if exists building cascade
1771326780001|1|statement|connection 75|url jdbc:postgresql://[::1]:32804/testdb?loggerLevel=OFF|     drop table if exists legal_address cascade|     drop table if exists legal_address cascade
1771326780002|1|statement|connection 75|url jdbc:postgresql://[::1]:32804/testdb?loggerLevel=OFF|     drop table if exists pet_facility cascade|     drop table if exists pet_facility cascade
1771326780003|0|statement|connection 75|url jdbc:postgresql://[::1]:32804/testdb?loggerLevel=OFF|     drop table if exists profile_image cascade|     drop table if exists profile_image cascade
1771326780004|0|statement|connection 75|url jdbc:postgresql://[::1]:32804/testdb?loggerLevel=OFF|     drop table if exists residence_review cascade|     drop table if exists residence_review cascade
1771326780004|0|statement|connection 75|url jdbc:postgresql://[::1]:32804/testdb?loggerLevel=OFF|     drop table if exists review_photo cascade|     drop table if exists review_photo cascade
1771326780005|0|statement|connection 75|url jdbc:postgresql://[::1]:32804/testdb?loggerLevel=OFF|     drop table if exists review_stat cascade|     drop table if exists review_stat cascade
1771326780006|0|statement|connection 75|url jdbc:postgresql://[::1]:32804/testdb?loggerLevel=OFF|     drop table if exists selected_option cascade|     drop table if exists selected_option cascade
1771326780008|0|statement|connection 75|url jdbc:postgresql://[::1]:32804/testdb?loggerLevel=OFF|     drop table if exists survey_option cascade|     drop table if exists survey_option cascade
1771326780008|0|statement|connection 75|url jdbc:postgresql://[::1]:32804/testdb?loggerLevel=OFF|     drop table if exists survey_option_stat cascade|     drop table if exists survey_option_stat cascade
1771326780009|0|statement|connection 75|url jdbc:postgresql://[::1]:32804/testdb?loggerLevel=OFF|     drop table if exists survey_question cascade|     drop table if exists survey_question cascade
1771326780010|0|statement|connection 75|url jdbc:postgresql://[::1]:32804/testdb?loggerLevel=OFF|     drop table if exists users cascade|     drop table if exists users cascade
1771326780010|0|statement|connection 75|url jdbc:postgresql://[::1]:32804/testdb?loggerLevel=OFF|     drop sequence if exists building_seq|     drop sequence if exists building_seq
1771326780011|0|statement|connection 75|url jdbc:postgresql://[::1]:32804/testdb?loggerLevel=OFF|     drop sequence if exists legal_address_seq|     drop sequence if exists legal_address_seq
1771326780012|0|statement|connection 75|url jdbc:postgresql://[::1]:32804/testdb?loggerLevel=OFF|     drop sequence if exists pet_facility_seq|     drop sequence if exists pet_facility_seq
1771326780013|0|statement|connection 75|url jdbc:postgresql://[::1]:32804/testdb?loggerLevel=OFF|     drop sequence if exists profile_image_seq|     drop sequence if exists profile_image_seq
1771326780014|0|statement|connection 75|url jdbc:postgresql://[::1]:32804/testdb?loggerLevel=OFF|     drop sequence if exists residence_review_seq|     drop sequence if exists residence_review_seq
1771326780015|0|statement|connection 75|url jdbc:postgresql://[::1]:32804/testdb?loggerLevel=OFF|     drop sequence if exists review_photo_seq|     drop sequence if exists review_photo_seq
1771326780015|0|statement|connection 75|url jdbc:postgresql://[::1]:32804/testdb?loggerLevel=OFF|     drop sequence if exists review_stat_seq|     drop sequence if exists review_stat_seq
1771326780017|0|statement|connection 75|url jdbc:postgresql://[::1]:32804/testdb?loggerLevel=OFF|     drop sequence if exists selected_option_seq|     drop sequence if exists selected_option_seq
1771326780017|0|statement|connection 75|url jdbc:postgresql://[::1]:32804/testdb?loggerLevel=OFF|     drop sequence if exists survey_option_seq|     drop sequence if exists survey_option_seq
1771326780018|0|statement|connection 75|url jdbc:postgresql://[::1]:32804/testdb?loggerLevel=OFF|     drop sequence if exists survey_option_stat_seq|     drop sequence if exists survey_option_stat_seq
1771326780019|0|statement|connection 75|url jdbc:postgresql://[::1]:32804/testdb?loggerLevel=OFF|     drop sequence if exists survey_question_seq|     drop sequence if exists survey_question_seq
1771326780019|0|statement|connection 75|url jdbc:postgresql://[::1]:32804/testdb?loggerLevel=OFF|     drop sequence if exists users_seq|     drop sequence if exists users_seq
1771326780157|0|statement|connection 76|url jdbc:postgresql://[::1]:32804/testdb?loggerLevel=OFF|     set client_min_messages = WARNING|     set client_min_messages = WARNING
1771326780160|1|statement|connection 76|url jdbc:postgresql://[::1]:32804/testdb?loggerLevel=OFF|     alter table if exists residence_review         drop constraint if exists FK3vpq8lllrghc6bbler7b8msy7|     alter table if exists residence_review         drop constraint if exists FK3vpq8lllrghc6bbler7b8msy7
1771326780161|0|statement|connection 76|url jdbc:postgresql://[::1]:32804/testdb?loggerLevel=OFF|     alter table if exists residence_review         drop constraint if exists FKnp29l6n02pcy9jtsd6keongnc|     alter table if exists residence_review         drop constraint if exists FKnp29l6n02pcy9jtsd6keongnc
1771326780162|0|statement|connection 76|url jdbc:postgresql://[::1]:32804/testdb?loggerLevel=OFF|     alter table if exists review_photo         drop constraint if exists FKri1bx3taykubbemi8w5fe4ynm|     alter table if exists review_photo         drop constraint if exists FKri1bx3taykubbemi8w5fe4ynm
1771326780163|0|statement|connection 76|url jdbc:postgresql://[::1]:32804/testdb?loggerLevel=OFF|     alter table if exists review_stat         drop constraint if exists FKt14tf8u8187koa0xdawenxq12|     alter table if exists review_stat         drop constraint if exists FKt14tf8u8187koa0xdawenxq12
1771326780164|0|statement|connection 76|url jdbc:postgresql://[::1]:32804/testdb?loggerLevel=OFF|     alter table if exists selected_option         drop constraint if exists FKoyt6vw34nt3h5mchduiwhwg88|     alter table if exists selected_option         drop constraint if exists FKoyt6vw34nt3h5mchduiwhwg88
1771326780165|0|statement|connection 76|url jdbc:postgresql://[::1]:32804/testdb?loggerLevel=OFF|     alter table if exists selected_option         drop constraint if exists FKd7y47qdfa0iubmvwvgb3fbbwt|     alter table if exists selected_option         drop constraint if exists FKd7y47qdfa0iubmvwvgb3fbbwt
1771326780165|0|statement|connection 76|url jdbc:postgresql://[::1]:32804/testdb?loggerLevel=OFF|     alter table if exists survey_option         drop constraint if exists FK2nr74sv7n4btggw4t6f5il2n|     alter table if exists survey_option         drop constraint if exists FK2nr74sv7n4btggw4t6f5il2n
1771326780165|0|statement|connection 76|url jdbc:postgresql://[::1]:32804/testdb?loggerLevel=OFF|     alter table if exists survey_option_stat         drop constraint if exists FKbp119mi1f8piueruw3yv20bc7|     alter table if exists survey_option_stat         drop constraint if exists FKbp119mi1f8piueruw3yv20bc7
1771326780166|0|statement|connection 76|url jdbc:postgresql://[::1]:32804/testdb?loggerLevel=OFF|     alter table if exists survey_option_stat         drop constraint if exists FKokofafbc2yaheb0hnmy24odgn|     alter table if exists survey_option_stat         drop constraint if exists FKokofafbc2yaheb0hnmy24odgn
1771326780166|0|statement|connection 76|url jdbc:postgresql://[::1]:32804/testdb?loggerLevel=OFF|     alter table if exists survey_option_stat         drop constraint if exists FK9gpl91il3631vwujq0ygd5ns2|     alter table if exists survey_option_stat         drop constraint if exists FK9gpl91il3631vwujq0ygd5ns2
1771326780167|0|statement|connection 76|url jdbc:postgresql://[::1]:32804/testdb?loggerLevel=OFF|     alter table if exists users         drop constraint if exists FKgjuyyw52s3xe61nrl2l6q1j6y|     alter table if exists users         drop constraint if exists FKgjuyyw52s3xe61nrl2l6q1j6y
1771326780168|0|statement|connection 76|url jdbc:postgresql://[::1]:32804/testdb?loggerLevel=OFF|     drop table if exists building cascade|     drop table if exists building cascade
1771326780169|0|statement|connection 76|url jdbc:postgresql://[::1]:32804/testdb?loggerLevel=OFF|     drop table if exists legal_address cascade|     drop table if exists legal_address cascade
1771326780169|0|statement|connection 76|url jdbc:postgresql://[::1]:32804/testdb?loggerLevel=OFF|     drop table if exists pet_facility cascade|     drop table if exists pet_facility cascade
1771326780170|0|statement|connection 76|url jdbc:postgresql://[::1]:32804/testdb?loggerLevel=OFF|     drop table if exists profile_image cascade|     drop table if exists profile_image cascade
1771326780170|0|statement|connection 76|url jdbc:postgresql://[::1]:32804/testdb?loggerLevel=OFF|     drop table if exists residence_review cascade|     drop table if exists residence_review cascade
1771326780171|0|statement|connection 76|url jdbc:postgresql://[::1]:32804/testdb?loggerLevel=OFF|     drop table if exists review_photo cascade|     drop table if exists review_photo cascade
1771326780171|0|statement|connection 76|url jdbc:postgresql://[::1]:32804/testdb?loggerLevel=OFF|     drop table if exists review_stat cascade|     drop table if exists review_stat cascade
1771326780171|0|statement|connection 76|url jdbc:postgresql://[::1]:32804/testdb?loggerLevel=OFF|     drop table if exists selected_option cascade|     drop table if exists selected_option cascade
1771326780172|0|statement|connection 76|url jdbc:postgresql://[::1]:32804/testdb?loggerLevel=OFF|     drop table if exists survey_option cascade|     drop table if exists survey_option cascade
1771326780172|0|statement|connection 76|url jdbc:postgresql://[::1]:32804/testdb?loggerLevel=OFF|     drop table if exists survey_option_stat cascade|     drop table if exists survey_option_stat cascade
1771326780173|0|statement|connection 76|url jdbc:postgresql://[::1]:32804/testdb?loggerLevel=OFF|     drop table if exists survey_question cascade|     drop table if exists survey_question cascade
1771326780174|0|statement|connection 76|url jdbc:postgresql://[::1]:32804/testdb?loggerLevel=OFF|     drop table if exists users cascade|     drop table if exists users cascade
1771326780175|0|statement|connection 76|url jdbc:postgresql://[::1]:32804/testdb?loggerLevel=OFF|     drop sequence if exists building_seq|     drop sequence if exists building_seq
1771326780175|0|statement|connection 76|url jdbc:postgresql://[::1]:32804/testdb?loggerLevel=OFF|     drop sequence if exists legal_address_seq|     drop sequence if exists legal_address_seq
1771326780176|0|statement|connection 76|url jdbc:postgresql://[::1]:32804/testdb?loggerLevel=OFF|     drop sequence if exists pet_facility_seq|     drop sequence if exists pet_facility_seq
1771326780176|0|statement|connection 76|url jdbc:postgresql://[::1]:32804/testdb?loggerLevel=OFF|     drop sequence if exists profile_image_seq|     drop sequence if exists profile_image_seq
1771326780178|0|statement|connection 76|url jdbc:postgresql://[::1]:32804/testdb?loggerLevel=OFF|     drop sequence if exists residence_review_seq|     drop sequence if exists residence_review_seq
1771326780179|0|statement|connection 76|url jdbc:postgresql://[::1]:32804/testdb?loggerLevel=OFF|     drop sequence if exists review_photo_seq|     drop sequence if exists review_photo_seq
1771326780179|0|statement|connection 76|url jdbc:postgresql://[::1]:32804/testdb?loggerLevel=OFF|     drop sequence if exists review_stat_seq|     drop sequence if exists review_stat_seq
1771326780180|0|statement|connection 76|url jdbc:postgresql://[::1]:32804/testdb?loggerLevel=OFF|     drop sequence if exists selected_option_seq|     drop sequence if exists selected_option_seq
1771326780181|0|statement|connection 76|url jdbc:postgresql://[::1]:32804/testdb?loggerLevel=OFF|     drop sequence if exists survey_option_seq|     drop sequence if exists survey_option_seq
1771326780182|0|statement|connection 76|url jdbc:postgresql://[::1]:32804/testdb?loggerLevel=OFF|     drop sequence if exists survey_option_stat_seq|     drop sequence if exists survey_option_stat_seq
1771326780182|0|statement|connection 76|url jdbc:postgresql://[::1]:32804/testdb?loggerLevel=OFF|     drop sequence if exists survey_question_seq|     drop sequence if exists survey_question_seq
1771326780183|0|statement|connection 76|url jdbc:postgresql://[::1]:32804/testdb?loggerLevel=OFF|     drop sequence if exists users_seq|     drop sequence if exists users_seq
1771326780310|0|statement|connection 77|url jdbc:postgresql://[::1]:32804/testdb?loggerLevel=OFF|     set client_min_messages = WARNING|     set client_min_messages = WARNING
1771326780312|1|statement|connection 77|url jdbc:postgresql://[::1]:32804/testdb?loggerLevel=OFF|     alter table if exists residence_review         drop constraint if exists FK3vpq8lllrghc6bbler7b8msy7|     alter table if exists residence_review         drop constraint if exists FK3vpq8lllrghc6bbler7b8msy7
1771326780314|0|statement|connection 77|url jdbc:postgresql://[::1]:32804/testdb?loggerLevel=OFF|     alter table if exists residence_review         drop constraint if exists FKnp29l6n02pcy9jtsd6keongnc|     alter table if exists residence_review         drop constraint if exists FKnp29l6n02pcy9jtsd6keongnc
1771326780315|0|statement|connection 77|url jdbc:postgresql://[::1]:32804/testdb?loggerLevel=OFF|     alter table if exists review_photo         drop constraint if exists FKri1bx3taykubbemi8w5fe4ynm|     alter table if exists review_photo         drop constraint if exists FKri1bx3taykubbemi8w5fe4ynm
1771326780316|0|statement|connection 77|url jdbc:postgresql://[::1]:32804/testdb?loggerLevel=OFF|     alter table if exists review_stat         drop constraint if exists FKt14tf8u8187koa0xdawenxq12|     alter table if exists review_stat         drop constraint if exists FKt14tf8u8187koa0xdawenxq12
1771326780316|0|statement|connection 77|url jdbc:postgresql://[::1]:32804/testdb?loggerLevel=OFF|     alter table if exists selected_option         drop constraint if exists FKoyt6vw34nt3h5mchduiwhwg88|     alter table if exists selected_option         drop constraint if exists FKoyt6vw34nt3h5mchduiwhwg88
1771326780317|0|statement|connection 77|url jdbc:postgresql://[::1]:32804/testdb?loggerLevel=OFF|     alter table if exists selected_option         drop constraint if exists FKd7y47qdfa0iubmvwvgb3fbbwt|     alter table if exists selected_option         drop constraint if exists FKd7y47qdfa0iubmvwvgb3fbbwt
1771326780317|0|statement|connection 77|url jdbc:postgresql://[::1]:32804/testdb?loggerLevel=OFF|     alter table if exists survey_option         drop constraint if exists FK2nr74sv7n4btggw4t6f5il2n|     alter table if exists survey_option         drop constraint if exists FK2nr74sv7n4btggw4t6f5il2n
1771326780318|0|statement|connection 77|url jdbc:postgresql://[::1]:32804/testdb?loggerLevel=OFF|     alter table if exists survey_option_stat         drop constraint if exists FKbp119mi1f8piueruw3yv20bc7|     alter table if exists survey_option_stat         drop constraint if exists FKbp119mi1f8piueruw3yv20bc7
1771326780319|0|statement|connection 77|url jdbc:postgresql://[::1]:32804/testdb?loggerLevel=OFF|     alter table if exists survey_option_stat         drop constraint if exists FKokofafbc2yaheb0hnmy24odgn|     alter table if exists survey_option_stat         drop constraint if exists FKokofafbc2yaheb0hnmy24odgn
1771326780319|0|statement|connection 77|url jdbc:postgresql://[::1]:32804/testdb?loggerLevel=OFF|     alter table if exists survey_option_stat         drop constraint if exists FK9gpl91il3631vwujq0ygd5ns2|     alter table if exists survey_option_stat         drop constraint if exists FK9gpl91il3631vwujq0ygd5ns2
1771326780319|0|statement|connection 77|url jdbc:postgresql://[::1]:32804/testdb?loggerLevel=OFF|     alter table if exists users         drop constraint if exists FKgjuyyw52s3xe61nrl2l6q1j6y|     alter table if exists users         drop constraint if exists FKgjuyyw52s3xe61nrl2l6q1j6y
1771326780320|0|statement|connection 77|url jdbc:postgresql://[::1]:32804/testdb?loggerLevel=OFF|     drop table if exists building cascade|     drop table if exists building cascade
1771326780320|0|statement|connection 77|url jdbc:postgresql://[::1]:32804/testdb?loggerLevel=OFF|     drop table if exists legal_address cascade|     drop table if exists legal_address cascade
1771326780321|0|statement|connection 77|url jdbc:postgresql://[::1]:32804/testdb?loggerLevel=OFF|     drop table if exists pet_facility cascade|     drop table if exists pet_facility cascade
1771326780321|0|statement|connection 77|url jdbc:postgresql://[::1]:32804/testdb?loggerLevel=OFF|     drop table if exists profile_image cascade|     drop table if exists profile_image cascade
1771326780322|0|statement|connection 77|url jdbc:postgresql://[::1]:32804/testdb?loggerLevel=OFF|     drop table if exists residence_review cascade|     drop table if exists residence_review cascade
1771326780322|0|statement|connection 77|url jdbc:postgresql://[::1]:32804/testdb?loggerLevel=OFF|     drop table if exists review_photo cascade|     drop table if exists review_photo cascade
1771326780322|0|statement|connection 77|url jdbc:postgresql://[::1]:32804/testdb?loggerLevel=OFF|     drop table if exists review_stat cascade|     drop table if exists review_stat cascade
1771326780323|0|statement|connection 77|url jdbc:postgresql://[::1]:32804/testdb?loggerLevel=OFF|     drop table if exists selected_option cascade|     drop table if exists selected_option cascade
1771326780323|0|statement|connection 77|url jdbc:postgresql://[::1]:32804/testdb?loggerLevel=OFF|     drop table if exists survey_option cascade|     drop table if exists survey_option cascade
1771326780323|0|statement|connection 77|url jdbc:postgresql://[::1]:32804/testdb?loggerLevel=OFF|     drop table if exists survey_option_stat cascade|     drop table if exists survey_option_stat cascade
1771326780324|0|statement|connection 77|url jdbc:postgresql://[::1]:32804/testdb?loggerLevel=OFF|     drop table if exists survey_question cascade|     drop table if exists survey_question cascade
1771326780324|0|statement|connection 77|url jdbc:postgresql://[::1]:32804/testdb?loggerLevel=OFF|     drop table if exists users cascade|     drop table if exists users cascade
1771326780325|0|statement|connection 77|url jdbc:postgresql://[::1]:32804/testdb?loggerLevel=OFF|     drop sequence if exists building_seq|     drop sequence if exists building_seq
1771326780325|0|statement|connection 77|url jdbc:postgresql://[::1]:32804/testdb?loggerLevel=OFF|     drop sequence if exists legal_address_seq|     drop sequence if exists legal_address_seq
1771326780326|0|statement|connection 77|url jdbc:postgresql://[::1]:32804/testdb?loggerLevel=OFF|     drop sequence if exists pet_facility_seq|     drop sequence if exists pet_facility_seq
1771326780326|0|statement|connection 77|url jdbc:postgresql://[::1]:32804/testdb?loggerLevel=OFF|     drop sequence if exists profile_image_seq|     drop sequence if exists profile_image_seq
1771326780326|0|statement|connection 77|url jdbc:postgresql://[::1]:32804/testdb?loggerLevel=OFF|     drop sequence if exists residence_review_seq|     drop sequence if exists residence_review_seq
1771326780328|0|statement|connection 77|url jdbc:postgresql://[::1]:32804/testdb?loggerLevel=OFF|     drop sequence if exists review_photo_seq|     drop sequence if exists review_photo_seq
1771326780329|0|statement|connection 77|url jdbc:postgresql://[::1]:32804/testdb?loggerLevel=OFF|     drop sequence if exists review_stat_seq|     drop sequence if exists review_stat_seq
1771326780329|0|statement|connection 77|url jdbc:postgresql://[::1]:32804/testdb?loggerLevel=OFF|     drop sequence if exists selected_option_seq|     drop sequence if exists selected_option_seq
1771326780330|0|statement|connection 77|url jdbc:postgresql://[::1]:32804/testdb?loggerLevel=OFF|     drop sequence if exists survey_option_seq|     drop sequence if exists survey_option_seq
1771326780330|0|statement|connection 77|url jdbc:postgresql://[::1]:32804/testdb?loggerLevel=OFF|     drop sequence if exists survey_option_stat_seq|     drop sequence if exists survey_option_stat_seq
1771326780331|0|statement|connection 77|url jdbc:postgresql://[::1]:32804/testdb?loggerLevel=OFF|     drop sequence if exists survey_question_seq|     drop sequence if exists survey_question_seq
1771326780331|0|statement|connection 77|url jdbc:postgresql://[::1]:32804/testdb?loggerLevel=OFF|     drop sequence if exists users_seq|     drop sequence if exists users_seq
1771326780458|0|statement|connection 78|url jdbc:postgresql://[::1]:32804/testdb?loggerLevel=OFF|     set client_min_messages = WARNING|     set client_min_messages = WARNING
1771326780460|1|statement|connection 78|url jdbc:postgresql://[::1]:32804/testdb?loggerLevel=OFF|     alter table if exists residence_review         drop constraint if exists FK3vpq8lllrghc6bbler7b8msy7|     alter table if exists residence_review         drop constraint if exists FK3vpq8lllrghc6bbler7b8msy7
1771326780461|0|statement|connection 78|url jdbc:postgresql://[::1]:32804/testdb?loggerLevel=OFF|     alter table if exists residence_review         drop constraint if exists FKnp29l6n02pcy9jtsd6keongnc|     alter table if exists residence_review         drop constraint if exists FKnp29l6n02pcy9jtsd6keongnc
1771326780463|0|statement|connection 78|url jdbc:postgresql://[::1]:32804/testdb?loggerLevel=OFF|     alter table if exists review_photo         drop constraint if exists FKri1bx3taykubbemi8w5fe4ynm|     alter table if exists review_photo         drop constraint if exists FKri1bx3taykubbemi8w5fe4ynm
1771326780464|0|statement|connection 78|url jdbc:postgresql://[::1]:32804/testdb?loggerLevel=OFF|     alter table if exists review_stat         drop constraint if exists FKt14tf8u8187koa0xdawenxq12|     alter table if exists review_stat         drop constraint if exists FKt14tf8u8187koa0xdawenxq12
1771326780464|0|statement|connection 78|url jdbc:postgresql://[::1]:32804/testdb?loggerLevel=OFF|     alter table if exists selected_option         drop constraint if exists FKoyt6vw34nt3h5mchduiwhwg88|     alter table if exists selected_option         drop constraint if exists FKoyt6vw34nt3h5mchduiwhwg88
1771326780466|0|statement|connection 78|url jdbc:postgresql://[::1]:32804/testdb?loggerLevel=OFF|     alter table if exists selected_option         drop constraint if exists FKd7y47qdfa0iubmvwvgb3fbbwt|     alter table if exists selected_option         drop constraint if exists FKd7y47qdfa0iubmvwvgb3fbbwt
1771326780467|0|statement|connection 78|url jdbc:postgresql://[::1]:32804/testdb?loggerLevel=OFF|     alter table if exists survey_option         drop constraint if exists FK2nr74sv7n4btggw4t6f5il2n|     alter table if exists survey_option         drop constraint if exists FK2nr74sv7n4btggw4t6f5il2n
1771326780467|0|statement|connection 78|url jdbc:postgresql://[::1]:32804/testdb?loggerLevel=OFF|     alter table if exists survey_option_stat         drop constraint if exists FKbp119mi1f8piueruw3yv20bc7|     alter table if exists survey_option_stat         drop constraint if exists FKbp119mi1f8piueruw3yv20bc7
1771326780468|0|statement|connection 78|url jdbc:postgresql://[::1]:32804/testdb?loggerLevel=OFF|     alter table if exists survey_option_stat         drop constraint if exists FKokofafbc2yaheb0hnmy24odgn|     alter table if exists survey_option_stat         drop constraint if exists FKokofafbc2yaheb0hnmy24odgn
1771326780470|0|statement|connection 78|url jdbc:postgresql://[::1]:32804/testdb?loggerLevel=OFF|     alter table if exists survey_option_stat         drop constraint if exists FK9gpl91il3631vwujq0ygd5ns2|     alter table if exists survey_option_stat         drop constraint if exists FK9gpl91il3631vwujq0ygd5ns2
1771326780471|0|statement|connection 78|url jdbc:postgresql://[::1]:32804/testdb?loggerLevel=OFF|     alter table if exists users         drop constraint if exists FKgjuyyw52s3xe61nrl2l6q1j6y|     alter table if exists users         drop constraint if exists FKgjuyyw52s3xe61nrl2l6q1j6y
1771326780472|0|statement|connection 78|url jdbc:postgresql://[::1]:32804/testdb?loggerLevel=OFF|     drop table if exists building cascade|     drop table if exists building cascade
1771326780473|0|statement|connection 78|url jdbc:postgresql://[::1]:32804/testdb?loggerLevel=OFF|     drop table if exists legal_address cascade|     drop table if exists legal_address cascade
1771326780474|0|statement|connection 78|url jdbc:postgresql://[::1]:32804/testdb?loggerLevel=OFF|     drop table if exists pet_facility cascade|     drop table if exists pet_facility cascade
1771326780475|0|statement|connection 78|url jdbc:postgresql://[::1]:32804/testdb?loggerLevel=OFF|     drop table if exists profile_image cascade|     drop table if exists profile_image cascade
1771326780476|0|statement|connection 78|url jdbc:postgresql://[::1]:32804/testdb?loggerLevel=OFF|     drop table if exists residence_review cascade|     drop table if exists residence_review cascade
1771326780476|0|statement|connection 78|url jdbc:postgresql://[::1]:32804/testdb?loggerLevel=OFF|     drop table if exists review_photo cascade|     drop table if exists review_photo cascade
1771326780477|0|statement|connection 78|url jdbc:postgresql://[::1]:32804/testdb?loggerLevel=OFF|     drop table if exists review_stat cascade|     drop table if exists review_stat cascade
1771326780477|0|statement|connection 78|url jdbc:postgresql://[::1]:32804/testdb?loggerLevel=OFF|     drop table if exists selected_option cascade|     drop table if exists selected_option cascade
1771326780478|0|statement|connection 78|url jdbc:postgresql://[::1]:32804/testdb?loggerLevel=OFF|     drop table if exists survey_option cascade|     drop table if exists survey_option cascade
1771326780478|0|statement|connection 78|url jdbc:postgresql://[::1]:32804/testdb?loggerLevel=OFF|     drop table if exists survey_option_stat cascade|     drop table if exists survey_option_stat cascade
1771326780479|0|statement|connection 78|url jdbc:postgresql://[::1]:32804/testdb?loggerLevel=OFF|     drop table if exists survey_question cascade|     drop table if exists survey_question cascade
1771326780480|0|statement|connection 78|url jdbc:postgresql://[::1]:32804/testdb?loggerLevel=OFF|     drop table if exists users cascade|     drop table if exists users cascade
1771326780481|0|statement|connection 78|url jdbc:postgresql://[::1]:32804/testdb?loggerLevel=OFF|     drop sequence if exists building_seq|     drop sequence if exists building_seq
1771326780481|0|statement|connection 78|url jdbc:postgresql://[::1]:32804/testdb?loggerLevel=OFF|     drop sequence if exists legal_address_seq|     drop sequence if exists legal_address_seq
1771326780482|0|statement|connection 78|url jdbc:postgresql://[::1]:32804/testdb?loggerLevel=OFF|     drop sequence if exists pet_facility_seq|     drop sequence if exists pet_facility_seq
1771326780483|0|statement|connection 78|url jdbc:postgresql://[::1]:32804/testdb?loggerLevel=OFF|     drop sequence if exists profile_image_seq|     drop sequence if exists profile_image_seq
1771326780484|0|statement|connection 78|url jdbc:postgresql://[::1]:32804/testdb?loggerLevel=OFF|     drop sequence if exists residence_review_seq|     drop sequence if exists residence_review_seq
1771326780485|0|statement|connection 78|url jdbc:postgresql://[::1]:32804/testdb?loggerLevel=OFF|     drop sequence if exists review_photo_seq|     drop sequence if exists review_photo_seq
1771326780486|0|statement|connection 78|url jdbc:postgresql://[::1]:32804/testdb?loggerLevel=OFF|     drop sequence if exists review_stat_seq|     drop sequence if exists review_stat_seq
1771326780486|0|statement|connection 78|url jdbc:postgresql://[::1]:32804/testdb?loggerLevel=OFF|     drop sequence if exists selected_option_seq|     drop sequence if exists selected_option_seq
1771326780487|0|statement|connection 78|url jdbc:postgresql://[::1]:32804/testdb?loggerLevel=OFF|     drop sequence if exists survey_option_seq|     drop sequence if exists survey_option_seq
1771326780489|0|statement|connection 78|url jdbc:postgresql://[::1]:32804/testdb?loggerLevel=OFF|     drop sequence if exists survey_option_stat_seq|     drop sequence if exists survey_option_stat_seq
1771326780489|0|statement|connection 78|url jdbc:postgresql://[::1]:32804/testdb?loggerLevel=OFF|     drop sequence if exists survey_question_seq|     drop sequence if exists survey_question_seq
1771326780491|1|statement|connection 78|url jdbc:postgresql://[::1]:32804/testdb?loggerLevel=OFF|     drop sequence if exists users_seq|     drop sequence if exists users_seq
1771326780613|0|statement|connection 79|url jdbc:postgresql://[::1]:32804/testdb?loggerLevel=OFF|     set client_min_messages = WARNING|     set client_min_messages = WARNING
1771326780615|1|statement|connection 79|url jdbc:postgresql://[::1]:32804/testdb?loggerLevel=OFF|     alter table if exists residence_review         drop constraint if exists FK3vpq8lllrghc6bbler7b8msy7|     alter table if exists residence_review         drop constraint if exists FK3vpq8lllrghc6bbler7b8msy7
1771326780617|0|statement|connection 79|url jdbc:postgresql://[::1]:32804/testdb?loggerLevel=OFF|     alter table if exists residence_review         drop constraint if exists FKnp29l6n02pcy9jtsd6keongnc|     alter table if exists residence_review         drop constraint if exists FKnp29l6n02pcy9jtsd6keongnc
1771326780618|1|statement|connection 79|url jdbc:postgresql://[::1]:32804/testdb?loggerLevel=OFF|     alter table if exists review_photo         drop constraint if exists FKri1bx3taykubbemi8w5fe4ynm|     alter table if exists review_photo         drop constraint if exists FKri1bx3taykubbemi8w5fe4ynm
1771326780620|1|statement|connection 79|url jdbc:postgresql://[::1]:32804/testdb?loggerLevel=OFF|     alter table if exists review_stat         drop constraint if exists FKt14tf8u8187koa0xdawenxq12|     alter table if exists review_stat         drop constraint if exists FKt14tf8u8187koa0xdawenxq12
1771326780621|1|statement|connection 79|url jdbc:postgresql://[::1]:32804/testdb?loggerLevel=OFF|     alter table if exists selected_option         drop constraint if exists FKoyt6vw34nt3h5mchduiwhwg88|     alter table if exists selected_option         drop constraint if exists FKoyt6vw34nt3h5mchduiwhwg88
1771326780622|0|statement|connection 79|url jdbc:postgresql://[::1]:32804/testdb?loggerLevel=OFF|     alter table if exists selected_option         drop constraint if exists FKd7y47qdfa0iubmvwvgb3fbbwt|     alter table if exists selected_option         drop constraint if exists FKd7y47qdfa0iubmvwvgb3fbbwt
1771326780623|0|statement|connection 79|url jdbc:postgresql://[::1]:32804/testdb?loggerLevel=OFF|     alter table if exists survey_option         drop constraint if exists FK2nr74sv7n4btggw4t6f5il2n|     alter table if exists survey_option         drop constraint if exists FK2nr74sv7n4btggw4t6f5il2n
1771326780624|0|statement|connection 79|url jdbc:postgresql://[::1]:32804/testdb?loggerLevel=OFF|     alter table if exists survey_option_stat         drop constraint if exists FKbp119mi1f8piueruw3yv20bc7|     alter table if exists survey_option_stat         drop constraint if exists FKbp119mi1f8piueruw3yv20bc7
1771326780625|0|statement|connection 79|url jdbc:postgresql://[::1]:32804/testdb?loggerLevel=OFF|     alter table if exists survey_option_stat         drop constraint if exists FKokofafbc2yaheb0hnmy24odgn|     alter table if exists survey_option_stat         drop constraint if exists FKokofafbc2yaheb0hnmy24odgn
1771326780626|0|statement|connection 79|url jdbc:postgresql://[::1]:32804/testdb?loggerLevel=OFF|     alter table if exists survey_option_stat         drop constraint if exists FK9gpl91il3631vwujq0ygd5ns2|     alter table if exists survey_option_stat         drop constraint if exists FK9gpl91il3631vwujq0ygd5ns2
1771326780627|0|statement|connection 79|url jdbc:postgresql://[::1]:32804/testdb?loggerLevel=OFF|     alter table if exists users         drop constraint if exists FKgjuyyw52s3xe61nrl2l6q1j6y|     alter table if exists users         drop constraint if exists FKgjuyyw52s3xe61nrl2l6q1j6y
1771326780628|0|statement|connection 79|url jdbc:postgresql://[::1]:32804/testdb?loggerLevel=OFF|     drop table if exists building cascade|     drop table if exists building cascade
1771326780628|0|statement|connection 79|url jdbc:postgresql://[::1]:32804/testdb?loggerLevel=OFF|     drop table if exists legal_address cascade|     drop table if exists legal_address cascade
1771326780629|0|statement|connection 79|url jdbc:postgresql://[::1]:32804/testdb?loggerLevel=OFF|     drop table if exists pet_facility cascade|     drop table if exists pet_facility cascade
1771326780630|0|statement|connection 79|url jdbc:postgresql://[::1]:32804/testdb?loggerLevel=OFF|     drop table if exists profile_image cascade|     drop table if exists profile_image cascade
1771326780630|0|statement|connection 79|url jdbc:postgresql://[::1]:32804/testdb?loggerLevel=OFF|     drop table if exists residence_review cascade|     drop table if exists residence_review cascade
1771326780631|0|statement|connection 79|url jdbc:postgresql://[::1]:32804/testdb?loggerLevel=OFF|     drop table if exists review_photo cascade|     drop table if exists review_photo cascade
1771326780632|0|statement|connection 79|url jdbc:postgresql://[::1]:32804/testdb?loggerLevel=OFF|     drop table if exists review_stat cascade|     drop table if exists review_stat cascade
1771326780632|0|statement|connection 79|url jdbc:postgresql://[::1]:32804/testdb?loggerLevel=OFF|     drop table if exists selected_option cascade|     drop table if exists selected_option cascade
1771326780632|0|statement|connection 79|url jdbc:postgresql://[::1]:32804/testdb?loggerLevel=OFF|     drop table if exists survey_option cascade|     drop table if exists survey_option cascade
1771326780633|0|statement|connection 79|url jdbc:postgresql://[::1]:32804/testdb?loggerLevel=OFF|     drop table if exists survey_option_stat cascade|     drop table if exists survey_option_stat cascade
1771326780633|0|statement|connection 79|url jdbc:postgresql://[::1]:32804/testdb?loggerLevel=OFF|     drop table if exists survey_question cascade|     drop table if exists survey_question cascade
1771326780634|0|statement|connection 79|url jdbc:postgresql://[::1]:32804/testdb?loggerLevel=OFF|     drop table if exists users cascade|     drop table if exists users cascade
1771326780635|0|statement|connection 79|url jdbc:postgresql://[::1]:32804/testdb?loggerLevel=OFF|     drop sequence if exists building_seq|     drop sequence if exists building_seq
1771326780635|0|statement|connection 79|url jdbc:postgresql://[::1]:32804/testdb?loggerLevel=OFF|     drop sequence if exists legal_address_seq|     drop sequence if exists legal_address_seq
1771326780635|0|statement|connection 79|url jdbc:postgresql://[::1]:32804/testdb?loggerLevel=OFF|     drop sequence if exists pet_facility_seq|     drop sequence if exists pet_facility_seq
1771326780637|0|statement|connection 79|url jdbc:postgresql://[::1]:32804/testdb?loggerLevel=OFF|     drop sequence if exists profile_image_seq|     drop sequence if exists profile_image_seq
1771326780637|0|statement|connection 79|url jdbc:postgresql://[::1]:32804/testdb?loggerLevel=OFF|     drop sequence if exists residence_review_seq|     drop sequence if exists residence_review_seq
1771326780638|0|statement|connection 79|url jdbc:postgresql://[::1]:32804/testdb?loggerLevel=OFF|     drop sequence if exists review_photo_seq|     drop sequence if exists review_photo_seq
1771326780639|0|statement|connection 79|url jdbc:postgresql://[::1]:32804/testdb?loggerLevel=OFF|     drop sequence if exists review_stat_seq|     drop sequence if exists review_stat_seq
1771326780639|0|statement|connection 79|url jdbc:postgresql://[::1]:32804/testdb?loggerLevel=OFF|     drop sequence if exists selected_option_seq|     drop sequence if exists selected_option_seq
1771326780640|0|statement|connection 79|url jdbc:postgresql://[::1]:32804/testdb?loggerLevel=OFF|     drop sequence if exists survey_option_seq|     drop sequence if exists survey_option_seq
1771326780640|0|statement|connection 79|url jdbc:postgresql://[::1]:32804/testdb?loggerLevel=OFF|     drop sequence if exists survey_option_stat_seq|     drop sequence if exists survey_option_stat_seq
1771326780641|0|statement|connection 79|url jdbc:postgresql://[::1]:32804/testdb?loggerLevel=OFF|     drop sequence if exists survey_question_seq|     drop sequence if exists survey_question_seq
1771326780642|0|statement|connection 79|url jdbc:postgresql://[::1]:32804/testdb?loggerLevel=OFF|     drop sequence if exists users_seq|     drop sequence if exists users_seq
1771326780769|0|statement|connection 80|url jdbc:postgresql://[::1]:32804/testdb?loggerLevel=OFF|     set client_min_messages = WARNING|     set client_min_messages = WARNING
1771326780772|1|statement|connection 80|url jdbc:postgresql://[::1]:32804/testdb?loggerLevel=OFF|     alter table if exists residence_review         drop constraint if exists FK3vpq8lllrghc6bbler7b8msy7|     alter table if exists residence_review         drop constraint if exists FK3vpq8lllrghc6bbler7b8msy7
1771326780773|1|statement|connection 80|url jdbc:postgresql://[::1]:32804/testdb?loggerLevel=OFF|     alter table if exists residence_review         drop constraint if exists FKnp29l6n02pcy9jtsd6keongnc|     alter table if exists residence_review         drop constraint if exists FKnp29l6n02pcy9jtsd6keongnc
1771326780774|1|statement|connection 80|url jdbc:postgresql://[::1]:32804/testdb?loggerLevel=OFF|     alter table if exists review_photo         drop constraint if exists FKri1bx3taykubbemi8w5fe4ynm|     alter table if exists review_photo         drop constraint if exists FKri1bx3taykubbemi8w5fe4ynm
1771326780775|0|statement|connection 80|url jdbc:postgresql://[::1]:32804/testdb?loggerLevel=OFF|     alter table if exists review_stat         drop constraint if exists FKt14tf8u8187koa0xdawenxq12|     alter table if exists review_stat         drop constraint if exists FKt14tf8u8187koa0xdawenxq12
1771326780776|1|statement|connection 80|url jdbc:postgresql://[::1]:32804/testdb?loggerLevel=OFF|     alter table if exists selected_option         drop constraint if exists FKoyt6vw34nt3h5mchduiwhwg88|     alter table if exists selected_option         drop constraint if exists FKoyt6vw34nt3h5mchduiwhwg88
1771326780777|0|statement|connection 80|url jdbc:postgresql://[::1]:32804/testdb?loggerLevel=OFF|     alter table if exists selected_option         drop constraint if exists FKd7y47qdfa0iubmvwvgb3fbbwt|     alter table if exists selected_option         drop constraint if exists FKd7y47qdfa0iubmvwvgb3fbbwt
1771326780778|0|statement|connection 80|url jdbc:postgresql://[::1]:32804/testdb?loggerLevel=OFF|     alter table if exists survey_option         drop constraint if exists FK2nr74sv7n4btggw4t6f5il2n|     alter table if exists survey_option         drop constraint if exists FK2nr74sv7n4btggw4t6f5il2n
1771326780779|0|statement|connection 80|url jdbc:postgresql://[::1]:32804/testdb?loggerLevel=OFF|     alter table if exists survey_option_stat         drop constraint if exists FKbp119mi1f8piueruw3yv20bc7|     alter table if exists survey_option_stat         drop constraint if exists FKbp119mi1f8piueruw3yv20bc7
1771326780780|0|statement|connection 80|url jdbc:postgresql://[::1]:32804/testdb?loggerLevel=OFF|     alter table if exists survey_option_stat         drop constraint if exists FKokofafbc2yaheb0hnmy24odgn|     alter table if exists survey_option_stat         drop constraint if exists FKokofafbc2yaheb0hnmy24odgn
1771326780780|0|statement|connection 80|url jdbc:postgresql://[::1]:32804/testdb?loggerLevel=OFF|     alter table if exists survey_option_stat         drop constraint if exists FK9gpl91il3631vwujq0ygd5ns2|     alter table if exists survey_option_stat         drop constraint if exists FK9gpl91il3631vwujq0ygd5ns2
1771326780781|0|statement|connection 80|url jdbc:postgresql://[::1]:32804/testdb?loggerLevel=OFF|     alter table if exists users         drop constraint if exists FKgjuyyw52s3xe61nrl2l6q1j6y|     alter table if exists users         drop constraint if exists FKgjuyyw52s3xe61nrl2l6q1j6y
1771326780782|1|statement|connection 80|url jdbc:postgresql://[::1]:32804/testdb?loggerLevel=OFF|     drop table if exists building cascade|     drop table if exists building cascade
1771326780783|0|statement|connection 80|url jdbc:postgresql://[::1]:32804/testdb?loggerLevel=OFF|     drop table if exists legal_address cascade|     drop table if exists legal_address cascade
1771326780784|0|statement|connection 80|url jdbc:postgresql://[::1]:32804/testdb?loggerLevel=OFF|     drop table if exists pet_facility cascade|     drop table if exists pet_facility cascade
1771326780785|0|statement|connection 80|url jdbc:postgresql://[::1]:32804/testdb?loggerLevel=OFF|     drop table if exists profile_image cascade|     drop table if exists profile_image cascade
1771326780786|0|statement|connection 80|url jdbc:postgresql://[::1]:32804/testdb?loggerLevel=OFF|     drop table if exists residence_review cascade|     drop table if exists residence_review cascade
1771326780787|0|statement|connection 80|url jdbc:postgresql://[::1]:32804/testdb?loggerLevel=OFF|     drop table if exists review_photo cascade|     drop table if exists review_photo cascade
1771326780787|0|statement|connection 80|url jdbc:postgresql://[::1]:32804/testdb?loggerLevel=OFF|     drop table if exists review_stat cascade|     drop table if exists review_stat cascade
1771326780789|0|statement|connection 80|url jdbc:postgresql://[::1]:32804/testdb?loggerLevel=OFF|     drop table if exists selected_option cascade|     drop table if exists selected_option cascade
1771326780790|0|statement|connection 80|url jdbc:postgresql://[::1]:32804/testdb?loggerLevel=OFF|     drop table if exists survey_option cascade|     drop table if exists survey_option cascade
1771326780790|0|statement|connection 80|url jdbc:postgresql://[::1]:32804/testdb?loggerLevel=OFF|     drop table if exists survey_option_stat cascade|     drop table if exists survey_option_stat cascade
1771326780791|0|statement|connection 80|url jdbc:postgresql://[::1]:32804/testdb?loggerLevel=OFF|     drop table if exists survey_question cascade|     drop table if exists survey_question cascade
1771326780792|0|statement|connection 80|url jdbc:postgresql://[::1]:32804/testdb?loggerLevel=OFF|     drop table if exists users cascade|     drop table if exists users cascade
1771326780793|0|statement|connection 80|url jdbc:postgresql://[::1]:32804/testdb?loggerLevel=OFF|     drop sequence if exists building_seq|     drop sequence if exists building_seq
1771326780794|0|statement|connection 80|url jdbc:postgresql://[::1]:32804/testdb?loggerLevel=OFF|     drop sequence if exists legal_address_seq|     drop sequence if exists legal_address_seq
1771326780794|0|statement|connection 80|url jdbc:postgresql://[::1]:32804/testdb?loggerLevel=OFF|     drop sequence if exists pet_facility_seq|     drop sequence if exists pet_facility_seq
1771326780795|0|statement|connection 80|url jdbc:postgresql://[::1]:32804/testdb?loggerLevel=OFF|     drop sequence if exists profile_image_seq|     drop sequence if exists profile_image_seq
1771326780797|0|statement|connection 80|url jdbc:postgresql://[::1]:32804/testdb?loggerLevel=OFF|     drop sequence if exists residence_review_seq|     drop sequence if exists residence_review_seq
1771326780797|0|statement|connection 80|url jdbc:postgresql://[::1]:32804/testdb?loggerLevel=OFF|     drop sequence if exists review_photo_seq|     drop sequence if exists review_photo_seq
1771326780798|0|statement|connection 80|url jdbc:postgresql://[::1]:32804/testdb?loggerLevel=OFF|     drop sequence if exists review_stat_seq|     drop sequence if exists review_stat_seq
1771326780798|0|statement|connection 80|url jdbc:postgresql://[::1]:32804/testdb?loggerLevel=OFF|     drop sequence if exists selected_option_seq|     drop sequence if exists selected_option_seq
1771326780799|0|statement|connection 80|url jdbc:postgresql://[::1]:32804/testdb?loggerLevel=OFF|     drop sequence if exists survey_option_seq|     drop sequence if exists survey_option_seq
1771326780800|0|statement|connection 80|url jdbc:postgresql://[::1]:32804/testdb?loggerLevel=OFF|     drop sequence if exists survey_option_stat_seq|     drop sequence if exists survey_option_stat_seq
1771326780800|0|statement|connection 80|url jdbc:postgresql://[::1]:32804/testdb?loggerLevel=OFF|     drop sequence if exists survey_question_seq|     drop sequence if exists survey_question_seq
1771326780801|0|statement|connection 80|url jdbc:postgresql://[::1]:32804/testdb?loggerLevel=OFF|     drop sequence if exists users_seq|     drop sequence if exists users_seq
